ACCOUNTID,PROVINCE,OPERATOR,CLUE,INDUSTRY,OWNER,CATEGORY
zcrm_102773000000120672,1.016,2.006,3.008,4.017,5.016,0
zcrm_102773000000120707,1.013,2.003,3.008,4.006,5.013,0
zcrm_102773000000120707,1.013,2.006,3.008,4.006,5.013,0
zcrm_102773000000120707,1.013,2.003,3.008,4.006,5.002,0
zcrm_102773000000120707,1.013,2.006,3.008,4.006,5.002,0
zcrm_102773000000120742,1.016,2.002,3.008,4.01,5.002,0
zcrm_102773000000120777,1.016,2.003,3.008,4.011,5.016,0
zcrm_102773000000120812,1.016,2.006,3.003,4.006,5.011,0
zcrm_102773000000123345,1.016,2.006,3.003,4.005,5.016,0
zcrm_102773000000123488,1.016,2.006,3.003,4.011,5.016,0
zcrm_102773000000123523,1.016,2.006,3.008,4.006,5.016,0
zcrm_102773000000123523,1.016,2.006,3.008,4.006,5.016,0
zcrm_102773000000123645,1.018,2.006,3.008,4.006,5.015,0
zcrm_102773000000123710,1.019,2.003,3.008,4.005,5.013,0
zcrm_102773000000128007,1.001,2.001,3.003,4.001,5.015,0
zcrm_102773000000128007,1.005,2.006,3.003,4.001,5.015,0
zcrm_102773000000134005,1.021,2.006,3.008,4.02,5.016,0
zcrm_102773000000134038,1.013,2.003,3.008,4.02,5.013,0
zcrm_102773000000139032,1.025,2.006,3.008,4.006,5.013,0
zcrm_102773000000142031,1.013,2.006,3.003,4.006,5.002,0
zcrm_102773000000142057,1.013,2.006,3.008,4.006,5.002,0
zcrm_102773000000142065,1.013,2.007,3.008,4.015,5.002,1
zcrm_102773000000142134,1.001,2.001,3.003,4.006,5.016,0
zcrm_102773000000143022,1.001,2.001,3.003,4.001,5.004,0
zcrm_102773000000143022,1.001,2.001,3.003,4.001,5.004,0
zcrm_102773000000143046,1.001,2.001,3.006,4.018,5.008,1
zcrm_102773000000143046,1.016,2.006,3.006,4.018,5.008,1
zcrm_102773000000143046,1.016,2.006,3.006,4.018,5.008,1
zcrm_102773000000143046,1.001,2.001,3.011,4.018,5.008,1
zcrm_102773000000143046,1.016,2.006,3.011,4.018,5.008,1
zcrm_102773000000143046,1.016,2.006,3.011,4.018,5.008,1
zcrm_102773000000145061,1.005,2.006,3.008,4.003,5.015,0
zcrm_102773000000145137,1.013,2.003,3.008,4.003,5.013,0
zcrm_102773000000145576,1.013,2.006,3.008,4.003,5.013,0
zcrm_102773000000146040,1.001,2.001,3.008,4.001,5.013,0
zcrm_102773000000146068,1.013,2.002,3.002,4.013,5.013,1
zcrm_102773000000146068,1.013,2.002,3.011,4.013,5.013,1
zcrm_102773000000146068,1.013,2.002,3.011,4.013,5.013,1
zcrm_102773000000146068,1.013,2.002,3.009,4.013,5.013,0
zcrm_102773000000146096,1.001,2.001,3.003,4.001,5.013,0
zcrm_102773000000146124,1.013,2.006,3.008,4.008,5.013,1
zcrm_102773000000146124,1.013,2.006,3.008,4.008,5.013,1
zcrm_102773000000146172,1.012,2.006,3.008,4.015,5.002,1
zcrm_102773000000146172,1.012,2.006,3.009,4.015,5.002,0
zcrm_102773000000148004,1.001,2.001,3.003,4.001,5.023,0
zcrm_102773000000148042,1.016,2.006,3.005,4.004,5.016,0
zcrm_102773000000148042,1.016,2.003,3.005,4.004,5.016,0
zcrm_102773000000148042,1.016,2.006,3.005,4.004,5.016,0
zcrm_102773000000148042,1.016,2.003,3.005,4.004,5.016,0
zcrm_102773000000148064,1.016,2.003,3.003,4.015,5.016,0
zcrm_102773000000148064,1.016,2.002,3.003,4.015,5.016,0
zcrm_102773000000148086,1.016,2.003,3.003,4.001,5.023,0
zcrm_102773000000148086,1.001,2.001,3.003,4.001,5.023,0
zcrm_102773000000148086,1.001,2.001,3.003,4.001,5.023,0
zcrm_102773000000148086,1.001,2.001,3.003,4.001,5.023,0
zcrm_102773000000148108,1.001,2.001,3.003,4.001,5.016,0
zcrm_102773000000148152,1.016,2.003,3.003,4.009,5.023,0
zcrm_102773000000148174,1.001,2.001,3.008,4.001,5.004,0
zcrm_102773000000148196,1.001,2.001,3.003,4.012,5.011,0
zcrm_102773000000148218,1.001,2.001,3.008,4.019,5.002,0
zcrm_102773000000148240,1.001,2.001,3.003,4.015,5.023,0
zcrm_102773000000148262,1.001,2.001,3.008,4.001,5.004,0
zcrm_102773000000148284,1.001,2.001,3.003,4.001,5.016,0
zcrm_102773000000148308,1.001,2.001,3.003,4.006,5.015,1
zcrm_102773000000148308,1.001,2.001,3.003,4.006,5.015,1
zcrm_102773000000148308,1.001,2.001,3.009,4.006,5.015,0
zcrm_102773000000148330,1.005,2.006,3.008,4.011,5.015,1
zcrm_102773000000148330,1.005,2.006,3.008,4.011,5.015,1
zcrm_102773000000148330,1.005,2.006,3.009,4.011,5.015,0
zcrm_102773000000148330,1.005,2.006,3.009,4.011,5.015,0
zcrm_102773000000148352,1.005,2.006,3.008,4.015,5.015,0
zcrm_102773000000148374,1.005,2.003,3.008,4.015,5.015,0
zcrm_102773000000148396,1.023,2.002,3.008,4.021,5.015,0
zcrm_102773000000148418,1.001,2.001,3.003,4.006,5.013,0
zcrm_102773000000148418,1.001,2.001,3.008,4.006,5.008,1
zcrm_102773000000148440,1.013,2.003,3.003,4.012,5.013,1
zcrm_102773000000148440,1.012,2.006,3.003,4.012,5.013,1
zcrm_102773000000148440,1.013,2.002,3.003,4.012,5.013,1
zcrm_102773000000148440,1.001,2.001,3.003,4.012,5.013,1
zcrm_102773000000148440,1.001,2.001,3.003,4.012,5.013,1
zcrm_102773000000148440,1.013,2.003,3.009,4.012,5.013,0
zcrm_102773000000148440,1.012,2.006,3.009,4.012,5.013,0
zcrm_102773000000148440,1.013,2.002,3.009,4.012,5.013,0
zcrm_102773000000148440,1.001,2.001,3.009,4.012,5.013,0
zcrm_102773000000148440,1.001,2.001,3.009,4.012,5.013,0
zcrm_102773000000148462,1.016,2.006,3.008,4.012,5.013,1
zcrm_102773000000148462,1.019,2.006,3.008,4.012,5.013,1
zcrm_102773000000148462,1.016,2.006,3.008,4.012,5.013,1
zcrm_102773000000148462,1.019,2.006,3.008,4.012,5.013,1
zcrm_102773000000148462,1.016,2.006,3.009,4.012,5.013,0
zcrm_102773000000148462,1.019,2.006,3.009,4.012,5.013,0
zcrm_102773000000148484,1.001,2.001,3.003,4.006,5.013,1
zcrm_102773000000148543,1.005,2.003,3.008,4.02,5.015,0
zcrm_102773000000148686,1.001,2.001,3.008,4.02,5.015,1
zcrm_102773000000148686,1.001,2.001,3.009,4.02,5.015,0
zcrm_102773000000148739,1.016,2.003,3.008,4.007,5.023,0
zcrm_102773000000148787,1.001,2.001,3.003,4.017,5.002,0
zcrm_102773000000148787,1.013,2.006,3.003,4.017,5.002,0
zcrm_102773000000148787,1.016,2.006,3.003,4.017,5.002,0
zcrm_102773000000148853,1.001,2.001,3.003,4.006,5.002,1
zcrm_102773000000148889,1.016,2.002,3.008,4.015,5.023,0
zcrm_102773000000148925,1.016,2.006,3.008,4.01,5.016,0
zcrm_102773000000148925,1.016,2.003,3.008,4.01,5.016,0
zcrm_102773000000148981,1.005,2.003,3.003,4.007,5.015,0
zcrm_102773000000150017,1.005,2.006,3.008,4.006,5.015,0
zcrm_102773000000150053,1.005,2.006,3.008,4.015,5.015,0
zcrm_102773000000150089,1.005,2.003,3.003,4.006,5.015,0
zcrm_102773000000150125,1.005,2.006,3.008,4.014,5.005,0
zcrm_102773000000150203,1.013,2.003,3.013,4.012,5.002,1
zcrm_102773000000150203,1.013,2.003,3.009,4.012,5.002,0
zcrm_102773000000150266,1.016,2.006,3.008,4.02,5.016,0
zcrm_102773000000153013,1.018,2.006,3.008,4.02,5.016,0
zcrm_102773000000153059,1.005,2.006,3.008,4.009,5.015,0
zcrm_102773000000153105,1.019,2.002,3.008,4.019,5.002,0
zcrm_102773000000153154,1.016,2.006,3.008,4.007,5.013,0
zcrm_102773000000153249,1.005,2.003,3.008,4.014,5.015,0
zcrm_102773000000153309,1.013,2.003,3.008,4.015,5.013,0
zcrm_102773000000153359,1.013,2.006,3.008,4.02,5.002,0
zcrm_102773000000153393,1.016,2.006,3.003,4.009,5.016,0
zcrm_102773000000153443,1.016,2.006,3.008,4.02,5.016,0
zcrm_102773000000156183,1.022,2.003,3.003,4.017,5.016,0
zcrm_102773000000158094,1.001,2.001,3.006,4.015,5.023,1
zcrm_102773000000158094,1.016,2.006,3.006,4.015,5.023,1
zcrm_102773000000158094,1.016,2.006,3.006,4.015,5.023,1
zcrm_102773000000158094,1.001,2.001,3.008,4.015,5.023,1
zcrm_102773000000158094,1.016,2.006,3.008,4.015,5.023,1
zcrm_102773000000158094,1.016,2.006,3.008,4.015,5.023,1
zcrm_102773000000158094,1.001,2.001,3.009,4.015,5.023,0
zcrm_102773000000158094,1.016,2.006,3.009,4.015,5.023,0
zcrm_102773000000158094,1.016,2.006,3.009,4.015,5.023,0
zcrm_102773000000158123,1.001,2.001,3.008,4.009,5.016,0
zcrm_102773000000158194,1.016,2.006,3.003,4.006,5.011,1
zcrm_102773000000159530,1.001,2.001,3.003,4.007,5.015,0
zcrm_102773000000160147,1.019,2.002,3.008,4.009,5.015,0
zcrm_102773000000161084,1.001,2.001,3.008,4.019,5.016,0
zcrm_102773000000161120,1.013,2.006,3.001,4.001,5.001,0
zcrm_102773000000161120,1.026,2.006,3.001,4.001,5.001,0
zcrm_102773000000161190,1.016,2.003,3.005,4.01,5.004,1
zcrm_102773000000163064,1.016,2.003,3.008,4.006,5.016,0
zcrm_102773000000163118,1.005,2.006,3.008,4.011,5.015,0
zcrm_102773000000163150,1.013,2.006,3.008,4.009,5.013,0
zcrm_102773000000163182,1.019,2.006,3.003,4.019,5.002,0
zcrm_102773000000163222,1.016,2.006,3.008,4.02,5.016,0
zcrm_102773000000163264,1.019,2.003,3.008,4.015,5.013,0
zcrm_102773000000167070,1.013,2.003,3.008,4.02,5.016,0
zcrm_102773000000167106,1.005,2.003,3.008,4.02,5.015,0
zcrm_102773000000167215,1.001,2.001,3.003,4.006,5.002,0
zcrm_102773000000168021,1.016,2.003,3.008,4.002,5.016,0
zcrm_102773000000168021,1.005,2.002,3.008,4.002,5.016,0
zcrm_102773000000168055,1.016,2.003,3.008,4.015,5.016,0
zcrm_102773000000168105,1.025,2.006,3.008,4.017,5.013,0
zcrm_102773000000175084,1.021,2.002,3.008,4.006,5.015,0
zcrm_102773000000175134,1.001,2.001,3.008,4.001,5.016,0
zcrm_102773000000177046,1.013,2.003,3.008,4.02,5.013,0
zcrm_102773000000177080,1.005,2.006,3.008,4.006,5.011,0
zcrm_102773000000177153,1.013,2.006,3.008,4.005,5.002,0
zcrm_102773000000178045,1.011,2.003,3.008,4.007,5.002,0
zcrm_102773000000178079,1.016,2.006,3.008,4.02,5.016,0
zcrm_102773000000178124,1.013,2.003,3.008,4.006,5.015,0
zcrm_102773000000178124,1.005,2.003,3.008,4.006,5.015,0
zcrm_102773000000180007,1.016,2.006,3.01,4.012,5.016,0
zcrm_102773000000180035,1.016,2.003,3.008,4.009,5.016,0
zcrm_102773000000180061,1.019,2.002,3.008,4.004,5.016,0
zcrm_102773000000180087,1.016,2.006,3.013,4.009,5.016,0
zcrm_102773000000180087,1.025,2.003,3.013,4.009,5.016,0
zcrm_102773000000180087,1.005,2.003,3.013,4.009,5.016,0
zcrm_102773000000182061,1.005,2.006,3.008,4.001,5.015,0
zcrm_102773000000185018,1.011,2.003,3.008,4.02,5.011,0
zcrm_102773000000185058,1.016,2.003,3.008,4.006,5.016,0
zcrm_102773000000185090,1.016,2.006,3.008,4.012,5.016,0
zcrm_102773000000185120,1.016,2.003,3.008,4.006,5.016,0
zcrm_102773000000185190,1.016,2.003,3.008,4.015,5.023,0
zcrm_102773000000185258,1.013,2.003,3.008,4.015,5.013,0
zcrm_102773000000185258,1.001,2.001,3.008,4.015,5.013,0
zcrm_102773000000185258,1.016,2.003,3.008,4.015,5.013,0
zcrm_102773000000185258,1.013,2.003,3.003,4.015,5.002,1
zcrm_102773000000185258,1.001,2.001,3.003,4.015,5.002,1
zcrm_102773000000185258,1.016,2.003,3.003,4.015,5.002,1
zcrm_102773000000185318,1.012,2.003,3.008,4.02,5.016,0
zcrm_102773000000185348,1.005,2.006,3.008,4.006,5.015,0
zcrm_102773000000185378,1.016,2.006,3.008,4.009,5.016,0
zcrm_102773000000185408,1.016,2.005,3.008,4.002,5.016,0
zcrm_102773000000187021,1.013,2.003,3.001,4.001,5.001,0
zcrm_102773000000188017,1.001,2.001,3.001,4.001,5.001,0
zcrm_102773000000188090,1.004,2.006,3.003,4.001,5.014,0
zcrm_102773000000188104,1.001,2.001,3.003,4.003,5.005,0
zcrm_102773000000188118,1.001,2.001,3.003,4.001,5.019,0
zcrm_102773000000188160,1.012,2.006,3.008,4.009,5.013,0
zcrm_102773000000188206,1.022,2.007,3.012,4.01,5.016,0
zcrm_102773000000190212,1.016,2.006,3.008,4.006,5.011,0
zcrm_102773000000190242,1.008,2.003,3.008,4.02,5.016,0
zcrm_102773000000190602,1.001,2.001,3.001,4.001,5.001,0
zcrm_102773000000247025,1.005,2.006,3.003,4.001,5.015,0
zcrm_102773000000247055,1.001,2.001,3.003,4.005,5.015,0
zcrm_102773000000248017,1.016,2.003,3.008,4.011,5.011,1
zcrm_102773000000248017,1.016,2.002,3.008,4.011,5.011,1
zcrm_102773000000248017,1.017,2.003,3.008,4.011,5.011,1
zcrm_102773000000248017,1.016,2.003,3.008,4.011,5.011,1
zcrm_102773000000248017,1.016,2.006,3.008,4.011,5.011,1
zcrm_102773000000248041,1.013,2.003,3.008,4.011,5.013,1
zcrm_102773000000248041,1.013,2.006,3.008,4.011,5.013,1
zcrm_102773000000248041,1.013,2.003,3.008,4.011,5.013,1
zcrm_102773000000248041,1.013,2.006,3.008,4.011,5.013,1
zcrm_102773000000249021,1.013,2.006,3.008,4.006,5.016,0
zcrm_102773000000249053,1.016,2.006,3.008,4.015,5.004,0
zcrm_102773000000249053,1.001,2.001,3.008,4.015,5.004,0
zcrm_102773000000249053,1.005,2.003,3.008,4.015,5.004,0
zcrm_102773000000249083,1.016,2.006,3.008,4.015,5.023,0
zcrm_102773000000249129,1.023,2.006,3.008,4.02,5.016,0
zcrm_102773000000249159,1.013,2.003,3.008,4.006,5.002,0
zcrm_102773000000249189,1.016,2.002,3.002,4.013,5.011,0
zcrm_102773000000249223,1.013,2.006,3.008,4.02,5.013,0
zcrm_102773000000249355,1.005,2.006,3.008,4.009,5.015,0
zcrm_102773000000249388,1.013,2.006,3.007,4.001,5.013,0
zcrm_102773000000251060,1.019,2.003,3.008,4.009,5.016,0
zcrm_102773000000251092,1.016,2.006,3.001,4.001,5.001,0
zcrm_102773000000251122,1.005,2.006,3.008,4.007,5.015,0
zcrm_102773000000251232,1.001,2.001,3.01,4.001,5.02,0
zcrm_102773000000257001,1.013,2.006,3.008,4.017,5.013,0
zcrm_102773000000257049,1.005,2.003,3.008,4.009,5.015,0
zcrm_102773000000257079,1.019,2.006,3.008,4.02,5.002,0
zcrm_102773000000257109,1.005,2.003,3.008,4.02,5.015,0
zcrm_102773000000257147,1.012,2.003,3.008,4.015,5.023,0
zcrm_102773000000257224,1.016,2.006,3.008,4.005,5.011,0
zcrm_102773000000257256,1.005,2.003,3.008,4.009,5.015,0
zcrm_102773000000257294,1.001,2.001,3.008,4.02,5.015,0
zcrm_102773000000257382,1.019,2.002,3.008,4.017,5.013,0
zcrm_102773000000257448,1.016,2.006,3.008,4.009,5.016,0
zcrm_102773000000257532,1.012,2.003,3.008,4.009,5.013,0
zcrm_102773000000258121,1.016,2.006,3.008,4.02,5.023,0
zcrm_102773000000258226,1.016,2.003,3.008,4.015,5.016,1
zcrm_102773000000258226,1.016,2.003,3.008,4.015,5.016,1
zcrm_102773000000258226,1.016,2.003,3.008,4.015,5.016,0
zcrm_102773000000258226,1.016,2.003,3.008,4.015,5.016,0
zcrm_102773000000258308,1.019,2.006,3.008,4.019,5.013,0
zcrm_102773000000258360,1.001,2.001,3.001,4.001,5.001,0
zcrm_102773000000258386,1.013,2.003,3.008,4.017,5.013,0
zcrm_102773000000258420,1.005,2.003,3.008,4.009,5.016,0
zcrm_102773000000260036,1.001,2.001,3.001,4.021,5.001,0
zcrm_102773000000260064,1.012,2.003,3.008,4.02,5.002,0
zcrm_102773000000261015,1.001,2.001,3.003,4.003,5.011,0
zcrm_102773000000261015,1.027,2.003,3.003,4.003,5.011,0
zcrm_102773000000261015,1.027,2.006,3.003,4.003,5.011,0
zcrm_102773000000265064,1.013,2.002,3.008,4.01,5.002,1
zcrm_102773000000265064,1.012,2.006,3.008,4.01,5.002,1
zcrm_102773000000265064,1.013,2.002,3.009,4.01,5.002,0
zcrm_102773000000265064,1.012,2.006,3.009,4.01,5.002,0
zcrm_102773000000265066,1.019,2.006,3.008,4.009,5.013,1
zcrm_102773000000265066,1.013,2.003,3.008,4.009,5.013,1
zcrm_102773000000265066,1.012,2.006,3.008,4.009,5.013,1
zcrm_102773000000265066,1.019,2.006,3.009,4.009,5.013,0
zcrm_102773000000265066,1.013,2.003,3.009,4.009,5.013,0
zcrm_102773000000265066,1.012,2.006,3.009,4.009,5.013,0
zcrm_102773000000265068,1.012,2.002,3.008,4.009,5.002,1
zcrm_102773000000265070,1.005,2.006,3.013,4.006,5.013,1
zcrm_102773000000265072,1.013,2.006,3.002,4.02,5.013,1
zcrm_102773000000265072,1.016,2.003,3.002,4.02,5.013,1
zcrm_102773000000265074,1.013,2.006,3.008,4.015,5.013,1
zcrm_102773000000265074,1.013,2.003,3.008,4.015,5.013,1
zcrm_102773000000265074,1.013,2.006,3.008,4.015,5.021,0
zcrm_102773000000265074,1.013,2.003,3.008,4.015,5.021,0
zcrm_102773000000265076,1.013,2.006,3.002,4.006,5.013,1
zcrm_102773000000265076,1.016,2.006,3.002,4.006,5.013,1
zcrm_102773000000265078,1.001,2.001,3.008,4.006,5.013,1
zcrm_102773000000265078,1.001,2.001,3.008,4.006,5.013,1
zcrm_102773000000265080,1.001,2.001,3.008,4.02,5.002,1
zcrm_102773000000265082,1.005,2.002,3.008,4.014,5.005,1
zcrm_102773000000265082,1.012,2.006,3.008,4.014,5.005,1
zcrm_102773000000265082,1.005,2.002,3.008,4.014,5.005,1
zcrm_102773000000265082,1.005,2.002,3.009,4.014,5.005,0
zcrm_102773000000265082,1.012,2.006,3.009,4.014,5.005,0
zcrm_102773000000265082,1.005,2.002,3.009,4.014,5.005,0
zcrm_102773000000265084,1.001,2.001,3.011,4.02,5.008,1
zcrm_102773000000265086,1.016,2.006,3.008,4.011,5.008,1
zcrm_102773000000265086,1.016,2.006,3.008,4.011,5.008,1
zcrm_102773000000265088,1.016,2.006,3.011,4.006,5.011,1
zcrm_102773000000265088,1.016,2.006,3.011,4.006,5.011,1
zcrm_102773000000265090,1.016,2.006,3.013,4.011,5.023,1
zcrm_102773000000265090,1.016,2.003,3.013,4.011,5.023,1
zcrm_102773000000265090,1.016,2.006,3.013,4.011,5.023,1
zcrm_102773000000265092,1.001,2.001,3.008,4.009,5.023,1
zcrm_102773000000265094,1.001,2.001,3.008,4.002,5.016,1
zcrm_102773000000265096,1.016,2.003,3.008,4.017,5.016,1
zcrm_102773000000265096,1.016,2.003,3.008,4.017,5.016,1
zcrm_102773000000265098,1.016,2.006,3.008,4.015,5.016,1
zcrm_102773000000265098,1.016,2.003,3.008,4.015,5.016,1
zcrm_102773000000265098,1.016,2.006,3.008,4.015,5.016,1
zcrm_102773000000265098,1.004,2.006,3.008,4.015,5.016,1
zcrm_102773000000265098,1.022,2.006,3.008,4.015,5.016,1
zcrm_102773000000265098,1.016,2.006,3.008,4.015,5.016,1
zcrm_102773000000265098,1.016,2.003,3.008,4.015,5.016,1
zcrm_102773000000265098,1.016,2.006,3.008,4.015,5.016,1
zcrm_102773000000265098,1.004,2.006,3.008,4.015,5.016,1
zcrm_102773000000265098,1.022,2.006,3.008,4.015,5.016,1
zcrm_102773000000265098,1.016,2.006,3.008,4.015,5.016,1
zcrm_102773000000265098,1.016,2.003,3.008,4.015,5.016,1
zcrm_102773000000265098,1.016,2.006,3.008,4.015,5.016,1
zcrm_102773000000265098,1.004,2.006,3.008,4.015,5.016,1
zcrm_102773000000265098,1.022,2.006,3.008,4.015,5.016,1
zcrm_102773000000265098,1.016,2.006,3.003,4.015,5.016,0
zcrm_102773000000265098,1.016,2.003,3.003,4.015,5.016,0
zcrm_102773000000265098,1.016,2.006,3.003,4.015,5.016,0
zcrm_102773000000265098,1.004,2.006,3.003,4.015,5.016,0
zcrm_102773000000265098,1.022,2.006,3.003,4.015,5.016,0
zcrm_102773000000265098,1.016,2.006,3.008,4.015,5.016,0
zcrm_102773000000265098,1.016,2.003,3.008,4.015,5.016,0
zcrm_102773000000265098,1.016,2.006,3.008,4.015,5.016,0
zcrm_102773000000265098,1.004,2.006,3.008,4.015,5.016,0
zcrm_102773000000265098,1.022,2.006,3.008,4.015,5.016,0
zcrm_102773000000265100,1.023,2.003,3.011,4.015,5.008,1
zcrm_102773000000265100,1.023,2.003,3.008,4.015,5.022,1
zcrm_102773000000265102,1.001,2.001,3.013,4.01,5.016,1
zcrm_102773000000265104,1.008,2.006,3.011,4.006,5.011,1
zcrm_102773000000265106,1.016,2.006,3.008,4.012,5.011,1
zcrm_102773000000265106,1.016,2.006,3.008,4.012,5.011,1
zcrm_102773000000265108,1.001,2.001,3.011,4.009,5.016,1
zcrm_102773000000265110,1.016,2.003,3.008,4.015,5.016,1
zcrm_102773000000265110,1.016,2.003,3.008,4.015,5.016,1
zcrm_102773000000265112,1.016,2.003,3.008,4.009,5.016,1
zcrm_102773000000265112,1.016,2.003,3.008,4.009,5.016,1
zcrm_102773000000265114,1.001,2.001,3.008,4.009,5.016,1
zcrm_102773000000265116,1.021,2.002,3.013,4.02,5.008,1
zcrm_102773000000265116,1.016,2.006,3.013,4.02,5.008,1
zcrm_102773000000265116,1.016,2.006,3.013,4.02,5.008,1
zcrm_102773000000265116,1.016,2.006,3.013,4.02,5.008,1
zcrm_102773000000265118,1.016,2.006,3.008,4.008,5.011,1
zcrm_102773000000265118,1.016,2.003,3.008,4.008,5.011,1
zcrm_102773000000265118,1.016,2.006,3.006,4.008,5.011,1
zcrm_102773000000265118,1.016,2.003,3.006,4.008,5.011,1
zcrm_102773000000265118,1.016,2.006,3.006,4.008,5.011,1
zcrm_102773000000265118,1.016,2.003,3.006,4.008,5.011,1
zcrm_102773000000265120,1.016,2.006,3.008,4.011,5.016,1
zcrm_102773000000265120,1.016,2.006,3.008,4.011,5.016,1
zcrm_102773000000265122,1.005,2.003,3.013,4.011,5.015,1
zcrm_102773000000265122,1.005,2.003,3.008,4.011,5.015,1
zcrm_102773000000265124,1.001,2.001,3.011,4.006,5.008,1
zcrm_102773000000265126,1.016,2.006,3.008,4.002,5.016,1
zcrm_102773000000265126,1.016,2.006,3.008,4.002,5.016,1
zcrm_102773000000265126,1.016,2.006,3.008,4.002,5.016,0
zcrm_102773000000265126,1.016,2.006,3.008,4.002,5.016,0
zcrm_102773000000265130,1.005,2.002,3.008,4.012,5.015,1
zcrm_102773000000265130,1.005,2.006,3.008,4.012,5.015,1
zcrm_102773000000265130,1.005,2.003,3.008,4.012,5.015,1
zcrm_102773000000265130,1.005,2.002,3.008,4.012,5.015,1
zcrm_102773000000265130,1.005,2.006,3.008,4.012,5.015,1
zcrm_102773000000265130,1.005,2.003,3.008,4.012,5.015,1
zcrm_102773000000265132,1.023,2.003,3.008,4.003,5.015,1
zcrm_102773000000265132,1.005,2.003,3.008,4.003,5.015,1
zcrm_102773000000265132,1.005,2.006,3.008,4.003,5.015,1
zcrm_102773000000265132,1.005,2.003,3.008,4.003,5.015,1
zcrm_102773000000265132,1.005,2.003,3.008,4.003,5.015,1
zcrm_102773000000265132,1.023,2.003,3.008,4.003,5.015,0
zcrm_102773000000265132,1.005,2.003,3.008,4.003,5.015,0
zcrm_102773000000265132,1.005,2.006,3.008,4.003,5.015,0
zcrm_102773000000265132,1.005,2.003,3.008,4.003,5.015,0
zcrm_102773000000265132,1.005,2.003,3.008,4.003,5.015,0
zcrm_102773000000265132,1.023,2.003,3.003,4.003,5.015,0
zcrm_102773000000265132,1.005,2.003,3.003,4.003,5.015,0
zcrm_102773000000265132,1.005,2.006,3.003,4.003,5.015,0
zcrm_102773000000265132,1.005,2.003,3.003,4.003,5.015,0
zcrm_102773000000265132,1.005,2.003,3.003,4.003,5.015,0
zcrm_102773000000265136,1.003,2.003,3.008,4.005,5.007,1
zcrm_102773000000265138,1.005,2.006,3.008,4.025,5.015,1
zcrm_102773000000265140,1.019,2.006,3.008,4.02,5.002,1
zcrm_102773000000265142,1.001,2.001,3.008,4.019,5.016,1
zcrm_102773000000265144,1.013,2.006,3.008,4.02,5.013,1
zcrm_102773000000265144,1.012,2.006,3.008,4.02,5.013,1
zcrm_102773000000265144,1.012,2.006,3.008,4.02,5.013,1
zcrm_102773000000265144,1.013,2.006,3.009,4.02,5.013,0
zcrm_102773000000265144,1.012,2.006,3.009,4.02,5.013,0
zcrm_102773000000265144,1.012,2.006,3.009,4.02,5.013,0
zcrm_102773000000265146,1.016,2.006,3.013,4.025,5.016,1
zcrm_102773000000265146,1.016,2.006,3.013,4.025,5.016,1
zcrm_102773000000265146,1.016,2.006,3.013,4.025,5.016,1
zcrm_102773000000265146,1.016,2.006,3.009,4.025,5.016,0
zcrm_102773000000265146,1.016,2.006,3.009,4.025,5.016,0
zcrm_102773000000265146,1.016,2.006,3.009,4.025,5.016,0
zcrm_102773000000265148,1.019,2.006,3.008,4.006,5.013,1
zcrm_102773000000265150,1.016,2.006,3.008,4.015,5.023,1
zcrm_102773000000265152,1.005,2.006,3.008,4.01,5.008,1
zcrm_102773000000265154,1.001,2.001,3.008,4.025,5.015,1
zcrm_102773000000265156,1.005,2.006,3.01,4.014,5.008,1
zcrm_102773000000265158,1.005,2.003,3.008,4.02,5.015,1
zcrm_102773000000265158,1.005,2.003,3.009,4.02,5.015,0
zcrm_102773000000265160,1.005,2.006,3.008,4.022,5.015,1
zcrm_102773000000265160,1.005,2.006,3.008,4.022,5.015,1
zcrm_102773000000265160,1.005,2.006,3.008,4.022,5.015,1
zcrm_102773000000265160,1.005,2.006,3.008,4.022,5.015,1
zcrm_102773000000265162,1.019,2.006,3.008,4.011,5.015,1
zcrm_102773000000265164,1.016,2.003,3.013,4.006,5.011,1
zcrm_102773000000265164,1.016,2.003,3.013,4.006,5.011,1
zcrm_102773000000265164,1.016,2.003,3.013,4.006,5.011,1
zcrm_102773000000265166,1.001,2.001,3.008,4.01,5.013,1
zcrm_102773000000265168,1.001,2.001,3.008,4.006,5.013,1
zcrm_102773000000265170,1.001,2.001,3.008,4.012,5.016,1
zcrm_102773000000265172,1.001,2.001,3.008,4.01,5.013,1
zcrm_102773000000265172,1.001,2.001,3.008,4.01,5.013,1
zcrm_102773000000265174,1.016,2.006,3.008,4.01,5.023,1
zcrm_102773000000265174,1.016,2.006,3.008,4.01,5.023,1
zcrm_102773000000265176,1.014,2.003,3.008,4.003,5.004,1
zcrm_102773000000269036,1.013,2.003,3.003,4.006,5.002,1
zcrm_102773000000269036,1.013,2.003,3.003,4.006,5.002,1
zcrm_102773000000276020,1.016,2.006,3.003,4.009,5.016,0
zcrm_102773000000276020,1.016,2.006,3.003,4.009,5.016,0
zcrm_102773000000282103,1.019,2.003,3.008,4.02,5.016,0
zcrm_102773000000282103,1.001,2.001,3.008,4.02,5.016,0
zcrm_102773000000285009,1.001,2.001,3.008,4.009,5.015,0
zcrm_102773000000285045,1.009,2.003,3.008,4.001,5.015,0
zcrm_102773000000285107,1.013,2.003,3.002,4.017,5.013,0
zcrm_102773000000288051,1.025,2.006,3.008,4.005,5.013,0
zcrm_102773000000288087,1.025,2.003,3.008,4.005,5.013,0
zcrm_102773000000288087,1.025,2.003,3.008,4.005,5.013,0
zcrm_102773000000288249,1.005,2.006,3.008,4.02,5.015,0
zcrm_102773000000291078,1.013,2.002,3.001,4.013,5.001,0
zcrm_102773000000291958,1.016,2.006,3.003,4.006,5.011,0
zcrm_102773000000291978,1.001,2.001,3.003,4.001,5.023,0
zcrm_102773000000291998,1.016,2.006,3.003,4.001,5.016,0
zcrm_102773000000292070,1.016,2.003,3.001,4.025,5.001,0
zcrm_102773000000292121,1.013,2.006,3.008,4.017,5.013,0
zcrm_102773000000292151,1.016,2.006,3.008,4.015,5.016,0
zcrm_102773000000294223,1.005,2.003,3.008,4.016,5.015,0
zcrm_102773000000296017,1.012,2.003,3.008,4.009,5.013,0
zcrm_102773000000296067,1.005,2.002,3.008,4.006,5.015,1
zcrm_102773000000296067,1.005,2.003,3.008,4.006,5.015,1
zcrm_102773000000297167,1.013,2.006,3.008,4.02,5.013,1
zcrm_102773000000297167,1.013,2.003,3.008,4.02,5.013,1
zcrm_102773000000297229,1.013,2.003,3.008,4.002,5.013,0
zcrm_102773000000297285,1.001,2.001,3.008,4.019,5.002,0
zcrm_102773000000297291,1.013,2.006,3.008,4.006,5.002,0
zcrm_102773000000305718,1.016,2.006,3.008,4.008,5.011,0
zcrm_102773000000305718,1.016,2.003,3.008,4.008,5.011,0
zcrm_102773000000305746,1.016,2.002,3.003,4.006,5.016,0
zcrm_102773000000309018,1.016,2.003,3.003,4.001,5.016,0
zcrm_102773000000309038,1.017,2.006,3.003,4.006,5.016,0
zcrm_102773000000309058,1.016,2.003,3.008,4.006,5.011,0
zcrm_102773000000309193,1.018,2.006,3.008,4.02,5.002,1
zcrm_102773000000309193,1.013,2.003,3.008,4.02,5.002,1
zcrm_102773000000309225,1.016,2.003,3.008,4.009,5.016,0
zcrm_102773000000313001,1.005,2.006,3.008,4.015,5.015,0
zcrm_102773000000315013,1.024,2.006,3.008,4.009,5.005,0
zcrm_102773000000315043,1.016,2.006,3.008,4.017,5.016,0
zcrm_102773000000315174,1.016,2.006,3.001,4.003,5.001,0
zcrm_102773000000315174,1.016,2.006,3.001,4.003,5.001,0
zcrm_102773000000315204,1.008,2.002,3.003,4.013,5.011,0
zcrm_102773000000315204,1.008,2.003,3.003,4.013,5.011,0
zcrm_102773000000315234,1.008,2.006,3.001,4.013,5.001,0
zcrm_102773000000315260,1.022,2.006,3.001,4.003,5.001,0
zcrm_102773000000315260,1.022,2.003,3.001,4.003,5.001,0
zcrm_102773000000315310,1.027,2.003,3.003,4.013,5.011,0
zcrm_102773000000315310,1.027,2.006,3.003,4.013,5.011,0
zcrm_102773000000315392,1.002,2.003,3.001,4.003,5.001,0
zcrm_102773000000315392,1.002,2.003,3.001,4.003,5.001,0
zcrm_102773000000315427,1.024,2.006,3.001,4.003,5.001,0
zcrm_102773000000315427,1.024,2.002,3.001,4.003,5.001,0
zcrm_102773000000315572,1.013,2.002,3.008,4.009,5.002,0
zcrm_102773000000317194,1.013,2.006,3.003,4.001,5.013,0
zcrm_102773000000317216,1.016,2.006,3.006,4.001,5.019,0
zcrm_102773000000317216,1.016,2.007,3.006,4.001,5.019,0
zcrm_102773000000317216,1.016,2.007,3.006,4.001,5.019,0
zcrm_102773000000317216,1.016,2.003,3.006,4.001,5.019,0
zcrm_102773000000318112,1.016,2.006,3.013,4.013,5.011,0
zcrm_102773000000318140,1.025,2.006,3.001,4.001,5.001,0
zcrm_102773000000318157,1.004,2.006,3.013,4.001,5.011,0
zcrm_102773000000318157,1.004,2.006,3.013,4.001,5.011,0
zcrm_102773000000318157,1.001,2.001,3.013,4.001,5.011,0
zcrm_102773000000318173,1.004,2.002,3.001,4.003,5.001,0
zcrm_102773000000318191,1.016,2.006,3.008,4.011,5.016,0
zcrm_102773000000318195,1.022,2.006,3.001,4.003,5.001,0
zcrm_102773000000318229,1.016,2.003,3.008,4.01,5.016,0
zcrm_102773000000318255,1.027,2.003,3.001,4.003,5.001,0
zcrm_102773000000318255,1.027,2.003,3.001,4.003,5.001,0
zcrm_102773000000318255,1.027,2.002,3.001,4.003,5.001,0
zcrm_102773000000320001,1.013,2.006,3.008,4.01,5.002,0
zcrm_102773000000320041,1.013,2.003,3.008,4.009,5.013,0
zcrm_102773000000325001,1.013,2.006,3.001,4.015,5.001,0
zcrm_102773000000325073,1.019,2.006,3.008,4.01,5.002,0
zcrm_102773000000325147,1.013,2.003,3.003,4.015,5.002,0
zcrm_102773000000325203,1.012,2.003,3.008,4.02,5.002,0
zcrm_102773000000325337,1.001,2.001,3.001,4.001,5.001,0
zcrm_102773000000325341,1.016,2.003,3.001,4.013,5.001,0
zcrm_102773000000326019,1.016,2.003,3.003,4.009,5.016,0
zcrm_102773000000326225,1.013,2.006,3.01,4.009,5.002,1
zcrm_102773000000326287,1.013,2.006,3.005,4.001,5.01,0
zcrm_102773000000327015,1.008,2.003,3.008,4.006,5.02,0
zcrm_102773000000327147,1.013,2.006,3.008,4.009,5.002,0
zcrm_102773000000327177,1.016,2.006,3.008,4.017,5.011,0
zcrm_102773000000327229,1.016,2.003,3.003,4.006,5.016,0
zcrm_102773000000327295,1.005,2.003,3.008,4.017,5.015,0
zcrm_102773000000328001,1.013,2.006,3.003,4.01,5.013,0
zcrm_102773000000328027,1.005,2.006,3.003,4.011,5.015,0
zcrm_102773000000328119,1.016,2.003,3.008,4.009,5.011,0
zcrm_102773000000328151,1.013,2.006,3.001,4.01,5.001,0
zcrm_102773000000330037,1.016,2.006,3.001,4.006,5.001,0
zcrm_102773000000330141,1.016,2.006,3.009,4.002,5.016,0
zcrm_102773000000335094,1.016,2.006,3.009,4.019,5.016,0
zcrm_102773000000335120,1.016,2.006,3.009,4.019,5.016,0
zcrm_102773000000338001,1.005,2.006,3.008,4.005,5.015,0
zcrm_102773000000338081,1.013,2.006,3.001,4.017,5.001,0
zcrm_102773000000338113,1.005,2.006,3.008,4.006,5.015,0
zcrm_102773000000338143,1.019,2.003,3.008,4.009,5.002,0
zcrm_102773000000338189,1.013,2.003,3.008,4.015,5.002,1
zcrm_102773000000338233,1.005,2.006,3.008,4.011,5.015,1
zcrm_102773000000339031,1.001,2.001,3.001,4.003,5.001,0
zcrm_102773000000342090,1.005,2.003,3.003,4.006,5.015,0
zcrm_102773000000342118,1.005,2.006,3.003,4.015,5.015,0
zcrm_102773000000342146,1.005,2.003,3.003,4.017,5.015,0
zcrm_102773000000343025,1.016,2.002,3.001,4.003,5.001,0
zcrm_102773000000344005,1.005,2.003,3.003,4.015,5.015,0
zcrm_102773000000347001,1.008,2.003,3.003,4.006,5.016,0
zcrm_102773000000357047,1.005,2.003,3.008,4.017,5.015,0
zcrm_102773000000357047,1.005,2.003,3.008,4.017,5.015,0
zcrm_102773000000358003,1.013,2.006,3.008,4.017,5.002,0
zcrm_102773000000361081,1.005,2.002,3.001,4.001,5.001,0
zcrm_102773000000361127,1.016,2.006,3.002,4.009,5.016,0
zcrm_102773000000373045,1.013,2.003,3.008,4.006,5.013,0
zcrm_102773000000373085,1.018,2.006,3.008,4.016,5.015,0
zcrm_102773000000373085,1.018,2.006,3.008,4.016,5.015,0
zcrm_102773000000373175,1.016,2.003,3.008,4.015,5.023,0
zcrm_102773000000373267,1.005,2.003,3.008,4.015,5.015,0
zcrm_102773000000373490,1.016,2.006,3.008,4.017,5.016,0
zcrm_102773000000374261,1.013,2.003,3.003,4.024,5.002,1
zcrm_102773000000374261,1.013,2.006,3.003,4.024,5.002,1
zcrm_102773000000374500,1.001,2.001,3.001,4.015,5.001,0
zcrm_102773000000375005,1.005,2.003,3.008,4.009,5.015,0
zcrm_102773000000375061,1.013,2.003,3.008,4.017,5.002,0
zcrm_102773000000375099,1.013,2.006,3.008,4.023,5.002,0
zcrm_102773000000377011,1.012,2.002,3.001,4.003,5.001,0
zcrm_102773000000377160,1.005,2.002,3.008,4.006,5.015,0
zcrm_102773000000377286,1.005,2.003,3.008,4.009,5.015,0
zcrm_102773000000377342,1.016,2.003,3.008,4.002,5.016,0
zcrm_102773000000377420,1.022,2.006,3.008,4.009,5.016,0
zcrm_102773000000377478,1.005,2.006,3.008,4.017,5.015,0
zcrm_102773000000377516,1.016,2.002,3.008,4.015,5.023,0
zcrm_102773000000381089,1.016,2.003,3.008,4.006,5.008,0
zcrm_102773000000381145,1.016,2.003,3.008,4.009,5.016,0
zcrm_102773000000385005,1.019,2.003,3.008,4.02,5.016,0
zcrm_102773000000385005,1.016,2.006,3.008,4.02,5.016,0
zcrm_102773000000385005,1.023,2.003,3.008,4.02,5.016,0
zcrm_102773000000388028,1.019,2.002,3.008,4.009,5.016,0
zcrm_102773000000388076,1.005,2.006,3.008,4.009,5.015,0
zcrm_102773000000388124,1.016,2.006,3.008,4.015,5.016,1
zcrm_102773000000388400,1.001,2.001,3.001,4.006,5.001,0
zcrm_102773000000388406,1.001,2.001,3.001,4.017,5.001,0
zcrm_102773000000388443,1.001,2.001,3.001,4.004,5.001,0
zcrm_102773000000388493,1.018,2.003,3.003,4.008,5.015,0
zcrm_102773000000388527,1.001,2.001,3.001,4.015,5.001,0
zcrm_102773000000388531,1.001,2.001,3.001,4.003,5.001,0
zcrm_102773000000388637,1.015,2.006,3.008,4.023,5.016,0
zcrm_102773000000388677,1.019,2.003,3.008,4.017,5.002,0
zcrm_102773000000388715,1.016,2.003,3.001,4.002,5.001,0
zcrm_102773000000388829,1.005,2.006,3.008,4.025,5.002,0
zcrm_102773000000389284,1.016,2.006,3.006,4.009,5.013,0
zcrm_102773000000389284,1.013,2.006,3.006,4.009,5.013,0
zcrm_102773000000390169,1.003,2.003,3.001,4.001,5.001,0
zcrm_102773000000390344,1.016,2.002,3.008,4.009,5.016,0
zcrm_102773000000390392,1.019,2.002,3.008,4.02,5.002,0
zcrm_102773000000390446,1.013,2.003,3.008,4.015,5.002,1
zcrm_102773000000390492,1.016,2.003,3.008,4.015,5.016,0
zcrm_102773000000391048,1.001,2.001,3.005,4.02,5.013,0
zcrm_102773000000391048,1.001,2.001,3.005,4.02,5.013,0
zcrm_102773000000391082,1.001,2.001,3.002,4.006,5.01,0
zcrm_102773000000391108,1.023,2.003,3.008,4.019,5.011,0
zcrm_102773000000391160,1.016,2.006,3.008,4.006,5.016,0
zcrm_102773000000391278,1.024,2.003,3.001,4.003,5.001,0
zcrm_102773000000391328,1.012,2.006,3.008,4.01,5.01,0
zcrm_102773000000391368,1.016,2.003,3.008,4.017,5.016,0
zcrm_102773000000392001,1.027,2.003,3.008,4.01,5.002,0
zcrm_102773000000392041,1.016,2.003,3.008,4.009,5.016,0
zcrm_102773000000392129,1.005,2.003,3.008,4.02,5.015,0
zcrm_102773000000392129,1.005,2.006,3.008,4.02,5.015,0
zcrm_102773000000392129,1.024,2.006,3.008,4.02,5.015,0
zcrm_102773000000392129,1.005,2.006,3.008,4.02,5.015,0
zcrm_102773000000392129,1.001,2.001,3.008,4.02,5.015,0
zcrm_102773000000392129,1.005,2.003,3.008,4.02,5.015,0
zcrm_102773000000392129,1.005,2.003,3.008,4.02,5.015,1
zcrm_102773000000392129,1.005,2.006,3.008,4.02,5.015,1
zcrm_102773000000392129,1.024,2.006,3.008,4.02,5.015,1
zcrm_102773000000392129,1.005,2.006,3.008,4.02,5.015,1
zcrm_102773000000392129,1.001,2.001,3.008,4.02,5.015,1
zcrm_102773000000392129,1.005,2.003,3.008,4.02,5.015,1
zcrm_102773000000392129,1.005,2.003,3.003,4.02,5.015,0
zcrm_102773000000392129,1.005,2.006,3.003,4.02,5.015,0
zcrm_102773000000392129,1.024,2.006,3.003,4.02,5.015,0
zcrm_102773000000392129,1.005,2.006,3.003,4.02,5.015,0
zcrm_102773000000392129,1.001,2.001,3.003,4.02,5.015,0
zcrm_102773000000392129,1.005,2.003,3.003,4.02,5.015,0
zcrm_102773000000392159,1.013,2.006,3.008,4.009,5.002,0
zcrm_102773000000392199,1.016,2.003,3.008,4.011,5.016,0
zcrm_102773000000392237,1.013,2.006,3.008,4.009,5.01,0
zcrm_102773000000392319,1.005,2.006,3.008,4.005,5.015,0
zcrm_102773000000400001,1.005,2.003,3.003,4.001,5.015,0
zcrm_102773000000400001,1.005,2.006,3.003,4.001,5.015,0
zcrm_102773000000400001,1.003,2.007,3.003,4.001,5.015,0
zcrm_102773000000400001,1.021,2.006,3.003,4.001,5.015,0
zcrm_102773000000403149,1.016,2.006,3.008,4.002,5.016,0
zcrm_102773000000403189,1.016,2.003,3.008,4.017,5.016,0
zcrm_102773000000404060,1.016,2.006,3.008,4.006,5.016,0
zcrm_102773000000412009,1.016,2.002,3.008,4.02,5.016,0
zcrm_102773000000413017,1.016,2.006,3.003,4.013,5.011,0
zcrm_102773000000413067,1.027,2.006,3.008,4.01,5.016,0
zcrm_102773000000413105,1.016,2.003,3.008,4.017,5.023,0
zcrm_102773000000413105,1.016,2.006,3.008,4.017,5.023,0
zcrm_102773000000413105,1.016,2.003,3.003,4.017,5.023,0
zcrm_102773000000413105,1.016,2.006,3.003,4.017,5.023,0
zcrm_102773000000413185,1.018,2.002,3.008,4.02,5.015,0
zcrm_102773000000413231,1.016,2.006,3.008,4.017,5.002,0
zcrm_102773000000413306,1.016,2.006,3.008,4.009,5.016,0
zcrm_102773000000413348,1.023,2.003,3.003,4.01,5.015,0
zcrm_102773000000414125,1.013,2.006,3.003,4.017,5.01,0
zcrm_102773000000414129,1.005,2.003,3.008,4.009,5.015,0
zcrm_102773000000414191,1.016,2.006,3.008,4.02,5.016,0
zcrm_102773000000415057,1.013,2.002,3.001,4.009,5.001,0
zcrm_102773000000415061,1.001,2.001,3.001,4.015,5.001,0
zcrm_102773000000421001,1.026,2.002,3.003,4.005,5.016,0
zcrm_102773000000421057,1.018,2.006,3.008,4.005,5.015,0
zcrm_102773000000421095,1.016,2.006,3.001,4.006,5.001,0
zcrm_102773000000423009,1.001,2.001,3.001,4.005,5.001,0
zcrm_102773000000423013,1.001,2.001,3.001,4.019,5.001,0
zcrm_102773000000423019,1.001,2.001,3.001,4.011,5.001,0
zcrm_102773000000432013,1.016,2.003,3.008,4.009,5.016,0
zcrm_102773000000432154,1.008,2.002,3.008,4.005,5.002,0
zcrm_102773000000432198,1.005,2.006,3.001,4.02,5.001,0
zcrm_102773000000432240,1.025,2.003,3.008,4.011,5.002,0
zcrm_102773000000432608,1.013,2.006,3.001,4.013,5.001,0
zcrm_102773000000432622,1.022,2.002,3.001,4.025,5.001,0
zcrm_102773000000432641,1.019,2.003,3.001,4.003,5.001,0
zcrm_102773000000432651,1.018,2.006,3.001,4.003,5.001,0
zcrm_102773000000432661,1.016,2.006,3.001,4.003,5.001,0
zcrm_102773000000433041,1.001,2.001,3.003,4.013,5.011,0
zcrm_102773000000433091,1.016,2.006,3.001,4.003,5.001,0
zcrm_102773000000433272,1.005,2.003,3.008,4.002,5.016,0
zcrm_102773000000433324,1.001,2.001,3.007,4.001,5.01,0
zcrm_102773000000433324,1.013,2.006,3.007,4.001,5.01,0
zcrm_102773000000433324,1.013,2.006,3.007,4.001,5.01,0
zcrm_102773000000433324,1.013,2.003,3.007,4.001,5.01,0
zcrm_102773000000433401,1.016,2.002,3.008,4.016,5.002,0
zcrm_102773000000433453,1.019,2.006,3.003,4.017,5.002,0
zcrm_102773000000434032,1.001,2.001,3.001,4.015,5.001,0
zcrm_102773000000434054,1.001,2.001,3.001,4.015,5.001,0
zcrm_102773000000434064,1.001,2.001,3.001,4.02,5.001,0
zcrm_102773000000434068,1.013,2.006,3.001,4.008,5.001,0
zcrm_102773000000434084,1.013,2.003,3.001,4.015,5.001,0
zcrm_102773000000434102,1.001,2.001,3.001,4.015,5.001,0
zcrm_102773000000434106,1.001,2.001,3.001,4.01,5.001,0
zcrm_102773000000434114,1.001,2.001,3.001,4.006,5.001,0
zcrm_102773000000434118,1.001,2.001,3.001,4.015,5.001,0
zcrm_102773000000434122,1.001,2.001,3.001,4.017,5.001,0
zcrm_102773000000434126,1.001,2.001,3.001,4.017,5.001,0
zcrm_102773000000434130,1.001,2.001,3.001,4.017,5.001,0
zcrm_102773000000434134,1.001,2.001,3.001,4.017,5.001,0
zcrm_102773000000434138,1.001,2.001,3.001,4.017,5.001,0
zcrm_102773000000434142,1.001,2.001,3.001,4.017,5.001,0
zcrm_102773000000434146,1.001,2.001,3.001,4.017,5.001,0
zcrm_102773000000434150,1.001,2.001,3.001,4.01,5.001,0
zcrm_102773000000434172,1.001,2.001,3.001,4.015,5.001,0
zcrm_102773000000434260,1.001,2.001,3.001,4.015,5.001,0
zcrm_102773000000434299,1.013,2.006,3.003,4.015,5.01,0
zcrm_102773000000434319,1.012,2.003,3.001,4.015,5.001,0
zcrm_102773000000434339,1.024,2.006,3.001,4.017,5.001,0
zcrm_102773000000434383,1.013,2.003,3.001,4.009,5.001,0
zcrm_102773000000434457,1.013,2.006,3.001,4.017,5.001,0
zcrm_102773000000434477,1.013,2.003,3.001,4.017,5.001,0
zcrm_102773000000434642,1.019,2.003,3.001,4.006,5.001,0
zcrm_102773000000434646,1.013,2.006,3.001,4.019,5.001,0
zcrm_102773000000434650,1.019,2.004,3.001,4.006,5.001,0
zcrm_102773000000434654,1.019,2.002,3.001,4.009,5.001,0
zcrm_102773000000434658,1.013,2.006,3.001,4.017,5.001,0
zcrm_102773000000434662,1.012,2.006,3.001,4.017,5.001,0
zcrm_102773000000434666,1.013,2.003,3.001,4.017,5.001,0
zcrm_102773000000435001,1.005,2.006,3.008,4.017,5.012,0
zcrm_102773000000435047,1.021,2.006,3.008,4.006,5.015,0
zcrm_102773000000435192,1.013,2.006,3.003,4.017,5.002,0
zcrm_102773000000435192,1.004,2.002,3.003,4.017,5.002,0
zcrm_102773000000435230,1.013,2.003,3.008,4.009,5.01,0
zcrm_102773000000436013,1.016,2.003,3.003,4.01,5.016,0
zcrm_102773000000436073,1.001,2.001,3.001,4.006,5.001,0
zcrm_102773000000436077,1.001,2.001,3.001,4.003,5.001,0
zcrm_102773000000436083,1.001,2.001,3.001,4.025,5.001,0
zcrm_102773000000438001,1.013,2.003,3.001,4.01,5.001,0
zcrm_102773000000439044,1.001,2.001,3.001,4.001,5.001,0
zcrm_102773000000440035,1.013,2.006,3.001,4.02,5.001,0
zcrm_102773000000449067,1.005,2.006,3.008,4.001,5.015,0
zcrm_102773000000450014,1.001,2.001,3.001,4.001,5.001,0
zcrm_102773000000450020,1.001,2.001,3.001,4.001,5.001,0
zcrm_102773000000452003,1.005,2.003,3.002,4.01,5.015,0
zcrm_102773000000452080,1.005,2.006,3.008,4.02,5.015,0
zcrm_102773000000457013,1.016,2.006,3.008,4.01,5.016,0
zcrm_102773000000457055,1.004,2.006,3.008,4.01,5.02,0
zcrm_102773000000467058,1.012,2.002,3.008,4.006,5.013,0
zcrm_102773000000467098,1.016,2.002,3.008,4.01,5.011,0
zcrm_102773000000467147,1.016,2.002,3.008,4.009,5.011,0
zcrm_102773000000468046,1.016,2.006,3.001,4.001,5.001,0
zcrm_102773000000468160,1.001,2.001,3.001,4.006,5.001,0
zcrm_102773000000471007,1.016,2.003,3.003,4.02,5.002,1
zcrm_102773000000471007,1.016,2.006,3.003,4.02,5.002,1
zcrm_102773000000471074,1.008,2.006,3.001,4.02,5.001,0
zcrm_102773000000471122,1.019,2.006,3.008,4.01,5.002,0
zcrm_102773000000472052,1.013,2.006,3.001,4.02,5.001,0
zcrm_102773000000472074,1.001,2.001,3.001,4.02,5.001,0
zcrm_102773000000472106,1.013,2.002,3.001,4.023,5.001,0
zcrm_102773000000472106,1.005,2.002,3.001,4.023,5.001,0
zcrm_102773000000472126,1.013,2.006,3.001,4.019,5.001,0
zcrm_102773000000472176,1.016,2.003,3.008,4.009,5.018,0
zcrm_102773000000472220,1.013,2.006,3.001,4.006,5.001,0
zcrm_102773000000472240,1.019,2.006,3.001,4.006,5.001,0
zcrm_102773000000472277,1.013,2.002,3.001,4.005,5.001,0
zcrm_102773000000472359,1.013,2.006,3.003,4.015,5.01,0
zcrm_102773000000473029,1.013,2.003,3.002,4.023,5.013,0
zcrm_102773000000473224,1.019,2.003,3.003,4.006,5.002,0
zcrm_102773000000473242,1.004,2.002,3.003,4.004,5.002,1
zcrm_102773000000473242,1.004,2.002,3.003,4.004,5.002,1
zcrm_102773000000473242,1.013,2.006,3.003,4.004,5.002,1
zcrm_102773000000473246,1.004,2.002,3.001,4.017,5.001,0
zcrm_102773000000473358,1.016,2.006,3.005,4.015,5.016,1
zcrm_102773000000473358,1.016,2.002,3.005,4.015,5.016,1
zcrm_102773000000474044,1.005,2.003,3.008,4.002,5.015,0
zcrm_102773000000474110,1.005,2.003,3.001,4.006,5.001,0
zcrm_102773000000474168,1.016,2.003,3.008,4.009,5.011,0
zcrm_102773000000474208,1.013,2.006,3.008,4.019,5.013,0
zcrm_102773000000476023,1.005,2.006,3.008,4.006,5.015,1
zcrm_102773000000476023,1.001,2.001,3.008,4.006,5.015,1
zcrm_102773000000476189,1.016,2.006,3.008,4.009,5.011,0
zcrm_102773000000479009,1.012,2.003,3.008,4.02,5.002,0
zcrm_102773000000479041,1.016,2.003,3.008,4.009,5.011,0
zcrm_102773000000479091,1.001,2.001,3.001,4.006,5.001,0
zcrm_102773000000481039,1.001,2.001,3.001,4.001,5.001,0
zcrm_102773000000482069,1.001,2.001,3.001,4.006,5.001,0
zcrm_102773000000482107,1.001,2.001,3.001,4.006,5.001,0
zcrm_102773000000483043,1.019,2.003,3.001,4.006,5.001,0
zcrm_102773000000483160,1.016,2.006,3.001,4.015,5.001,0
zcrm_102773000000483198,1.005,2.006,3.008,4.006,5.015,0
zcrm_102773000000489003,1.001,2.001,3.008,4.001,5.01,0
zcrm_102773000000489009,1.001,2.001,3.003,4.006,5.01,0
zcrm_102773000000489015,1.001,2.001,3.003,4.001,5.01,0
zcrm_102773000000489021,1.001,2.001,3.003,4.001,5.01,0
zcrm_102773000000489037,1.013,2.003,3.001,4.015,5.001,0
zcrm_102773000000489061,1.013,2.006,3.001,4.001,5.001,0
zcrm_102773000000493005,1.019,2.006,3.008,4.005,5.01,0
zcrm_102773000000493049,1.013,2.006,3.008,4.019,5.002,0
zcrm_102773000000493091,1.012,2.003,3.008,4.009,5.01,0
zcrm_102773000000493187,1.005,2.006,3.008,4.006,5.007,0
zcrm_102773000000537047,1.016,2.006,3.008,4.011,5.011,0
zcrm_102773000000537093,1.005,2.006,3.008,4.006,5.005,0
zcrm_102773000000538025,1.013,2.006,3.003,4.02,5.002,0
zcrm_102773000000538025,1.013,2.006,3.003,4.02,5.002,0
zcrm_102773000000538031,1.013,2.006,3.001,4.015,5.001,0
zcrm_102773000000538037,1.004,2.002,3.003,4.004,5.002,0
zcrm_102773000000541081,1.005,2.003,3.003,4.006,5.009,1
zcrm_102773000000541081,1.005,2.003,3.003,4.006,5.009,1
zcrm_102773000000541148,1.005,2.006,3.003,4.02,5.009,1
zcrm_102773000000541148,1.005,2.006,3.003,4.02,5.009,1
zcrm_102773000000541190,1.016,2.006,3.001,4.02,5.001,0
zcrm_102773000000541248,1.013,2.002,3.013,4.001,5.017,0
zcrm_102773000000541248,1.016,2.003,3.013,4.001,5.017,0
zcrm_102773000000541248,1.001,2.001,3.013,4.001,5.017,0
zcrm_102773000000544090,1.005,2.003,3.003,4.006,5.015,0
zcrm_102773000000544202,1.013,2.006,3.001,4.001,5.001,0
zcrm_102773000000544279,1.023,2.006,3.008,4.006,5.01,0
zcrm_102773000000544279,1.013,2.006,3.008,4.006,5.01,0
zcrm_102773000000544279,1.013,2.006,3.008,4.006,5.01,0
zcrm_102773000000544279,1.023,2.006,3.003,4.006,5.01,0
zcrm_102773000000544279,1.013,2.006,3.003,4.006,5.01,0
zcrm_102773000000544279,1.013,2.006,3.003,4.006,5.01,0
zcrm_102773000000544302,1.013,2.006,3.001,4.001,5.001,0
zcrm_102773000000547156,1.005,2.003,3.003,4.001,5.005,0
zcrm_102773000000548195,1.016,2.006,3.003,4.001,5.005,0
zcrm_102773000000548251,1.016,2.006,3.005,4.001,5.016,0
zcrm_102773000000548286,1.001,2.001,3.01,4.001,5.011,0
zcrm_102773000000548325,1.001,2.001,3.008,4.001,5.011,0
zcrm_102773000000548361,1.001,2.001,3.003,4.001,5.011,0
zcrm_102773000000548387,1.001,2.001,3.005,4.001,5.016,0
zcrm_102773000000548403,1.005,2.003,3.003,4.001,5.005,0
zcrm_102773000000548403,1.005,2.006,3.003,4.001,5.005,0
zcrm_102773000000548430,1.013,2.002,3.003,4.009,5.002,0
zcrm_102773000000548512,1.001,2.001,3.003,4.001,5.009,0
zcrm_102773000000548528,1.001,2.001,3.008,4.001,5.016,0
zcrm_102773000000548558,1.016,2.002,3.005,4.009,5.016,1
zcrm_102773000000548558,1.016,2.003,3.005,4.009,5.016,1
zcrm_102773000000548602,1.005,2.006,3.008,4.017,5.015,1
zcrm_102773000000548602,1.005,2.002,3.008,4.017,5.015,1
zcrm_102773000000550034,1.016,2.003,3.013,4.001,5.016,0
zcrm_102773000000552012,1.013,2.003,3.001,4.015,5.001,0
zcrm_102773000000556060,1.016,2.002,3.003,4.001,5.007,0
zcrm_102773000000557014,1.019,2.006,3.008,4.01,5.002,0
zcrm_102773000000558013,1.013,2.006,3.001,4.02,5.001,0
zcrm_102773000000558033,1.013,2.006,3.001,4.006,5.001,0
zcrm_102773000000558084,1.013,2.006,3.001,4.006,5.001,0
zcrm_102773000000558121,1.001,2.001,3.001,4.013,5.001,0
zcrm_102773000000558133,1.013,2.002,3.001,4.003,5.001,0
zcrm_102773000000558157,1.013,2.006,3.001,4.025,5.001,0
zcrm_102773000000559001,1.013,2.003,3.001,4.011,5.001,0
zcrm_102773000000563060,1.019,2.006,3.003,4.023,5.01,0
zcrm_102773000000564007,1.013,2.003,3.008,4.006,5.002,0
zcrm_102773000000565020,1.016,2.003,3.001,4.001,5.001,0
zcrm_102773000000566028,1.016,2.006,3.013,4.001,5.011,0
zcrm_102773000000568205,1.013,2.006,3.001,4.001,5.001,0
zcrm_102773000000568512,1.005,2.006,3.001,4.02,5.001,0
zcrm_102773000000568533,1.001,2.001,3.003,4.001,5.01,0
zcrm_102773000000568901,1.013,2.006,3.001,4.001,5.001,0
zcrm_102773000000569024,1.013,2.003,3.001,4.013,5.001,0
zcrm_102773000000569071,1.013,2.002,3.008,4.012,5.002,1
zcrm_102773000000569071,1.005,2.003,3.008,4.012,5.002,1
zcrm_102773000000569259,1.016,2.003,3.003,4.012,5.002,0
zcrm_102773000000571026,1.019,2.006,3.008,4.015,5.01,1
zcrm_102773000000571084,1.013,2.006,3.008,4.02,5.021,0
zcrm_102773000000571200,1.016,2.006,3.008,4.006,5.007,0
zcrm_102773000000571253,1.005,2.003,3.003,4.006,5.009,0
zcrm_102773000000571253,1.005,2.002,3.003,4.006,5.009,0
zcrm_102773000000571431,1.018,2.006,3.008,4.006,5.011,0
zcrm_102773000000571502,1.016,2.002,3.003,4.005,5.011,0
zcrm_102773000000571602,1.013,2.006,3.008,4.009,5.01,0
zcrm_102773000000571833,1.018,2.002,3.008,4.009,5.007,0
zcrm_102773000000571945,1.019,2.003,3.008,4.011,5.011,0
zcrm_102773000000573014,1.004,2.002,3.003,4.006,5.002,0
zcrm_102773000000573074,1.013,2.006,3.001,4.02,5.001,0
zcrm_102773000000573095,1.001,2.001,3.001,4.006,5.001,0
zcrm_102773000000574476,1.019,2.003,3.003,4.001,5.012,0
zcrm_102773000000576100,1.013,2.006,3.001,4.015,5.001,0
zcrm_102773000000576127,1.013,2.002,3.001,4.015,5.001,0
zcrm_102773000000576232,1.001,2.001,3.013,4.001,5.005,0
zcrm_102773000000576249,1.02,2.006,3.001,4.006,5.001,0
zcrm_102773000000576535,1.013,2.003,3.001,4.02,5.001,0
zcrm_102773000000580028,1.016,2.003,3.008,4.017,5.011,0
zcrm_102773000000580123,1.013,2.006,3.008,4.015,5.01,0
zcrm_102773000000581016,1.016,2.003,3.008,4.005,5.016,0
zcrm_102773000000581069,1.013,2.003,3.003,4.015,5.01,1
zcrm_102773000000581183,1.013,2.003,3.001,4.006,5.001,0
zcrm_102773000000582001,1.013,2.002,3.001,4.001,5.001,0
zcrm_102773000000584019,1.024,2.006,3.001,4.001,5.001,0
zcrm_102773000000584049,1.004,2.002,3.001,4.001,5.001,0
zcrm_102773000000584073,1.016,2.003,3.001,4.001,5.001,0
zcrm_102773000000584097,1.016,2.003,3.001,4.001,5.001,0
zcrm_102773000000584121,1.016,2.003,3.001,4.001,5.001,0
zcrm_102773000000584145,1.016,2.002,3.001,4.001,5.001,0
zcrm_102773000000584169,1.016,2.006,3.001,4.001,5.001,0
zcrm_102773000000584193,1.016,2.003,3.001,4.001,5.001,0
zcrm_102773000000584217,1.016,2.006,3.001,4.001,5.001,0
zcrm_102773000000584241,1.016,2.003,3.001,4.001,5.001,0
zcrm_102773000000584265,1.013,2.006,3.001,4.001,5.001,0
zcrm_102773000000584291,1.016,2.006,3.001,4.001,5.001,0
zcrm_102773000000584315,1.016,2.003,3.001,4.001,5.001,0
zcrm_102773000000584336,1.016,2.003,3.001,4.001,5.001,0
zcrm_102773000000584357,1.024,2.003,3.001,4.001,5.001,0
zcrm_102773000000584382,1.016,2.006,3.001,4.001,5.001,0
zcrm_102773000000584403,1.016,2.006,3.001,4.001,5.001,0
zcrm_102773000000584428,1.016,2.006,3.001,4.001,5.001,0
zcrm_102773000000585332,1.005,2.003,3.003,4.02,5.015,0
zcrm_102773000000585332,1.005,2.006,3.003,4.02,5.015,0
zcrm_102773000000585332,1.005,2.006,3.003,4.02,5.015,0
zcrm_102773000000585377,1.005,2.003,3.003,4.017,5.015,0
zcrm_102773000000585518,1.005,2.003,3.003,4.006,5.015,0
zcrm_102773000000585579,1.005,2.003,3.003,4.017,5.015,0
zcrm_102773000000585638,1.005,2.003,3.003,4.017,5.015,0
zcrm_102773000000588483,1.013,2.006,3.001,4.017,5.001,0
zcrm_102773000000588770,1.013,2.002,3.001,4.001,5.001,0
zcrm_102773000000588797,1.013,2.006,3.001,4.001,5.001,0
zcrm_102773000000588839,1.005,2.006,3.003,4.02,5.005,0
zcrm_102773000000590108,1.013,2.006,3.003,4.009,5.01,0
zcrm_102773000000590108,1.016,2.006,3.003,4.009,5.01,0
zcrm_102773000000590166,1.027,2.006,3.008,4.006,5.021,0
zcrm_102773000000590222,1.009,2.006,3.008,4.008,5.021,0
zcrm_102773000000590272,1.016,2.003,3.008,4.006,5.011,0
zcrm_102773000000590341,1.005,2.003,3.008,4.017,5.015,0
zcrm_102773000000590412,1.005,2.006,3.008,4.009,5.005,0
zcrm_102773000000590519,1.001,2.001,3.001,4.021,5.001,0
zcrm_102773000000590554,1.005,2.003,3.008,4.009,5.015,0
zcrm_102773000000597033,1.016,2.002,3.008,4.015,5.016,0
zcrm_102773000000597098,1.016,2.006,3.001,4.015,5.001,0
zcrm_102773000000599209,1.001,2.001,3.001,4.001,5.001,0
zcrm_102773000000599255,1.013,2.006,3.001,4.02,5.001,0
zcrm_102773000000599276,1.013,2.006,3.001,4.001,5.001,0
zcrm_102773000000599299,1.013,2.003,3.001,4.001,5.001,0
zcrm_102773000000599327,1.013,2.006,3.003,4.001,5.01,0
zcrm_102773000000599375,1.016,2.006,3.001,4.001,5.001,0
zcrm_102773000000601060,1.013,2.003,3.003,4.005,5.01,0
zcrm_102773000000601608,1.017,2.006,3.01,4.006,5.011,1
zcrm_102773000000601608,1.016,2.003,3.01,4.006,5.011,1
zcrm_102773000000601692,1.025,2.006,3.008,4.023,5.021,0
zcrm_102773000000601751,1.013,2.006,3.008,4.015,5.013,0
zcrm_102773000000601807,1.025,2.003,3.008,4.009,5.021,0
zcrm_102773000000601863,1.013,2.003,3.009,4.015,5.016,0
zcrm_102773000000602006,1.016,2.003,3.001,4.001,5.001,0
zcrm_102773000000602021,1.001,2.001,3.001,4.006,5.001,0
zcrm_102773000000602051,1.016,2.006,3.003,4.021,5.011,0
zcrm_102773000000602184,1.013,2.003,3.008,4.01,5.002,0
zcrm_102773000000602242,1.013,2.003,3.008,4.006,5.013,0
zcrm_102773000000602242,1.013,2.003,3.008,4.006,5.013,0
zcrm_102773000000602242,1.013,2.006,3.008,4.006,5.013,0
zcrm_102773000000602242,1.016,2.006,3.008,4.006,5.013,0
zcrm_102773000000602242,1.016,2.006,3.008,4.006,5.013,0
zcrm_102773000000602242,1.016,2.002,3.008,4.006,5.013,0
zcrm_102773000000602316,1.016,2.006,3.008,4.01,5.016,0
zcrm_102773000000602367,1.016,2.002,3.008,4.015,5.023,1
zcrm_102773000000602808,1.02,2.006,3.003,4.002,5.016,0
zcrm_102773000000603019,1.008,2.003,3.008,4.02,5.002,0
zcrm_102773000000603087,1.016,2.002,3.008,4.006,5.011,0
zcrm_102773000000603162,1.016,2.003,3.008,4.02,5.016,0
zcrm_102773000000603162,1.016,2.003,3.013,4.02,5.016,0
zcrm_102773000000603416,1.005,2.003,3.008,4.011,5.005,0
zcrm_102773000000604036,1.004,2.002,3.003,4.02,5.002,0
zcrm_102773000000604036,1.013,2.006,3.003,4.02,5.002,0
zcrm_102773000000605320,1.005,2.006,3.008,4.009,5.007,0
zcrm_102773000000605379,1.013,2.002,3.008,4.015,5.021,0
zcrm_102773000000609044,1.016,2.003,3.001,4.009,5.001,0
zcrm_102773000000612015,1.021,2.006,3.008,4.009,5.01,0
zcrm_102773000000612067,1.016,2.003,3.008,4.02,5.016,0
zcrm_102773000000612118,1.021,2.006,3.008,4.015,5.011,0
zcrm_102773000000616252,1.016,2.006,3.004,4.012,5.011,1
zcrm_102773000000616252,1.016,2.002,3.004,4.012,5.011,1
zcrm_102773000000616252,1.019,2.003,3.004,4.012,5.011,1
zcrm_102773000000616252,1.016,2.006,3.004,4.012,5.011,1
zcrm_102773000000616252,1.016,2.006,3.004,4.012,5.011,1
zcrm_102773000000617063,1.016,2.003,3.003,4.024,5.002,0
zcrm_102773000000618109,1.012,2.003,3.008,4.02,5.013,1
zcrm_102773000000618109,1.012,2.003,3.008,4.02,5.013,1
zcrm_102773000000618355,1.016,2.006,3.001,4.009,5.001,0
zcrm_102773000000618407,1.005,2.003,3.008,4.009,5.005,0
zcrm_102773000000618536,1.001,2.001,3.008,4.001,5.023,0
zcrm_102773000000618589,1.012,2.006,3.008,4.011,5.01,0
zcrm_102773000000618639,1.016,2.006,3.008,4.005,5.023,0
zcrm_102773000000618779,1.016,2.003,3.003,4.001,5.023,0
zcrm_102773000000618820,1.016,2.003,3.001,4.017,5.001,0
zcrm_102773000000618860,1.016,2.006,3.001,4.017,5.001,0
zcrm_102773000000620091,1.005,2.003,3.005,4.022,5.015,1
zcrm_102773000000620091,1.021,2.003,3.005,4.022,5.015,1
zcrm_102773000000625638,1.001,2.001,3.008,4.001,5.023,0
zcrm_102773000000625647,1.001,2.001,3.008,4.001,5.023,0
zcrm_102773000000625656,1.001,2.001,3.003,4.001,5.023,0
zcrm_102773000000625665,1.001,2.001,3.008,4.001,5.023,0
zcrm_102773000000625674,1.001,2.001,3.008,4.001,5.023,0
zcrm_102773000000625820,1.016,2.003,3.001,4.001,5.001,0
zcrm_102773000000625938,1.016,2.006,3.001,4.001,5.001,0
zcrm_102773000000625938,1.016,2.006,3.001,4.001,5.001,0
zcrm_102773000000626853,1.005,2.006,3.003,4.024,5.009,0
zcrm_102773000000626900,1.005,2.006,3.003,4.001,5.009,0
zcrm_102773000000626971,1.013,2.006,3.003,4.001,5.01,0
zcrm_102773000000627032,1.001,2.001,3.004,4.023,5.015,0
zcrm_102773000000627151,1.008,2.002,3.008,4.02,5.013,0
zcrm_102773000000627201,1.012,2.006,3.008,4.02,5.013,0
zcrm_102773000000627260,1.005,2.002,3.008,4.02,5.005,0
zcrm_102773000000627309,1.005,2.006,3.008,4.006,5.015,0
zcrm_102773000000627358,1.016,2.006,3.001,4.02,5.001,0
zcrm_102773000000627407,1.016,2.003,3.008,4.009,5.016,0
zcrm_102773000000627542,1.013,2.003,3.008,4.006,5.01,0
zcrm_102773000000627542,1.012,2.006,3.008,4.006,5.01,0
zcrm_102773000000627657,1.019,2.003,3.008,4.02,5.013,0
zcrm_102773000000627992,1.016,2.003,3.01,4.025,5.016,0
zcrm_102773000000628095,1.007,2.003,3.004,4.018,5.015,0
zcrm_102773000000628523,1.02,2.002,3.003,4.02,5.005,0
zcrm_102773000000631612,1.019,2.006,3.008,4.01,5.01,0
zcrm_102773000000631668,1.016,2.003,3.001,4.02,5.001,0
zcrm_102773000000645337,1.005,2.002,3.01,4.01,5.005,0
zcrm_102773000000645737,1.013,2.006,3.003,4.003,5.002,0
zcrm_102773000000645793,1.013,2.006,3.003,4.006,5.002,0
zcrm_102773000000655597,1.024,2.003,3.008,4.006,5.013,0
zcrm_102773000000655661,1.016,2.002,3.008,4.017,5.016,0
zcrm_102773000000657170,1.005,2.006,3.008,4.01,5.005,0
zcrm_102773000000657317,1.012,2.006,3.001,4.02,5.001,0
zcrm_102773000000657491,1.018,2.003,3.008,4.009,5.002,0
zcrm_102773000000657560,1.016,2.006,3.001,4.015,5.001,0
zcrm_102773000000657615,1.016,2.006,3.003,4.009,5.023,0
zcrm_102773000000657674,1.016,2.006,3.008,4.02,5.016,0
zcrm_102773000000664208,1.001,2.001,3.008,4.001,5.023,0
zcrm_102773000000665202,1.001,2.001,3.003,4.011,5.015,0
zcrm_102773000000666006,1.013,2.006,3.001,4.015,5.001,0
zcrm_102773000000666152,1.013,2.006,3.003,4.015,5.002,0
zcrm_102773000000666470,1.013,2.006,3.001,4.017,5.001,0
zcrm_102773000000666491,1.016,2.003,3.012,4.006,5.011,0
zcrm_102773000000667018,1.013,2.006,3.008,4.015,5.002,0
zcrm_102773000000667068,1.019,2.003,3.008,4.009,5.002,0
zcrm_102773000000668102,1.013,2.006,3.001,4.025,5.001,0
zcrm_102773000000668102,1.016,2.006,3.001,4.025,5.001,0
zcrm_102773000000668102,1.016,2.006,3.001,4.025,5.001,0
zcrm_102773000000668201,1.019,2.006,3.003,4.001,5.016,0
zcrm_102773000000668969,1.027,2.003,3.003,4.001,5.016,0
zcrm_102773000000676394,1.013,2.006,3.001,4.009,5.001,0
zcrm_102773000000676394,1.024,2.003,3.001,4.009,5.001,0
zcrm_102773000000676577,1.026,2.003,3.008,4.015,5.023,0
zcrm_102773000000677063,1.013,2.006,3.003,4.015,5.01,1
zcrm_102773000000677063,1.013,2.006,3.003,4.015,5.01,1
zcrm_102773000000677084,1.013,2.003,3.003,4.015,5.01,0
zcrm_102773000000677186,1.013,2.003,3.001,4.023,5.001,0
zcrm_102773000000677253,1.016,2.006,3.003,4.006,5.011,1
zcrm_102773000000677547,1.005,2.006,3.001,4.001,5.001,0
zcrm_102773000000677574,1.012,2.003,3.001,4.001,5.001,0
zcrm_102773000000679516,1.013,2.006,3.008,4.001,5.002,0
zcrm_102773000000679567,1.016,2.003,3.008,4.001,5.011,0
zcrm_102773000000679616,1.016,2.006,3.008,4.001,5.023,0
zcrm_102773000000679665,1.005,2.002,3.008,4.001,5.007,0
zcrm_102773000000679714,1.016,2.006,3.008,4.001,5.016,0
zcrm_102773000000679735,1.023,2.003,3.008,4.001,5.011,0
zcrm_102773000000679783,1.016,2.006,3.008,4.001,5.011,0
zcrm_102773000000679831,1.013,2.003,3.008,4.001,5.01,0
zcrm_102773000000679896,1.013,2.006,3.008,4.001,5.002,0
zcrm_102773000000679945,1.005,2.003,3.008,4.017,5.005,1
zcrm_102773000000679945,1.005,2.003,3.008,4.017,5.005,1
zcrm_102773000000679994,1.023,2.003,3.008,4.001,5.015,0
zcrm_102773000000685111,1.016,2.003,3.008,4.001,5.023,0
zcrm_102773000000688057,1.013,2.006,3.003,4.009,5.01,1
zcrm_102773000000688057,1.013,2.002,3.003,4.009,5.01,1
zcrm_102773000000688133,1.019,2.006,3.001,4.01,5.001,0
zcrm_102773000000696001,1.001,2.001,3.003,4.015,5.005,0
zcrm_102773000000699254,1.013,2.003,3.003,4.017,5.002,1
zcrm_102773000000699254,1.013,2.003,3.003,4.017,5.002,1
zcrm_102773000000701257,1.003,2.003,3.003,4.001,5.007,0
zcrm_102773000000702099,1.001,2.001,3.001,4.001,5.001,0
zcrm_102773000000702113,1.001,2.001,3.001,4.001,5.001,0
zcrm_102773000000702152,1.001,2.001,3.001,4.001,5.001,0
zcrm_102773000000702166,1.001,2.001,3.001,4.001,5.001,0
zcrm_102773000000702203,1.001,2.001,3.003,4.001,5.015,0
zcrm_102773000000705185,1.016,2.006,3.003,4.013,5.011,0
zcrm_102773000000706018,1.019,2.006,3.008,4.017,5.01,0
zcrm_102773000000706172,1.001,2.001,3.001,4.009,5.001,0
zcrm_102773000000707044,1.005,2.003,3.008,4.02,5.005,0
zcrm_102773000000719028,1.013,2.006,3.003,4.015,5.01,0
zcrm_102773000000720054,1.016,2.006,3.008,4.006,5.01,0
zcrm_102773000000724041,1.022,2.002,3.003,4.003,5.019,0
zcrm_102773000000729305,1.016,2.003,3.008,4.009,5.023,1
zcrm_102773000000729305,1.016,2.003,3.008,4.009,5.023,1
zcrm_102773000000729305,1.016,2.006,3.008,4.009,5.023,1
zcrm_102773000000735120,1.016,2.006,3.008,4.001,5.023,0
zcrm_102773000000735170,1.016,2.003,3.001,4.001,5.001,0
zcrm_102773000000735218,1.024,2.002,3.008,4.001,5.023,0
zcrm_102773000000735266,1.001,2.001,3.008,4.001,5.023,0
zcrm_102773000000735314,1.016,2.003,3.008,4.001,5.023,0
zcrm_102773000000735362,1.022,2.006,3.008,4.001,5.023,0
zcrm_102773000000735410,1.016,2.003,3.008,4.001,5.023,0
zcrm_102773000000735466,1.021,2.003,3.008,4.001,5.019,0
zcrm_102773000000735514,1.016,2.002,3.008,4.001,5.019,0
zcrm_102773000000735562,1.016,2.006,3.008,4.001,5.019,0
zcrm_102773000000735610,1.016,2.003,3.008,4.001,5.019,0
zcrm_102773000000735658,1.016,2.006,3.008,4.001,5.019,0
zcrm_102773000000735706,1.01,2.003,3.008,4.001,5.019,0
zcrm_102773000000735754,1.022,2.003,3.008,4.001,5.019,0
zcrm_102773000000735802,1.016,2.003,3.008,4.001,5.005,0
zcrm_102773000000735850,1.016,2.003,3.008,4.001,5.019,0
zcrm_102773000000735898,1.016,2.006,3.008,4.001,5.015,0
zcrm_102773000000735946,1.016,2.006,3.008,4.001,5.011,0
zcrm_102773000000735997,1.016,2.006,3.008,4.001,5.016,0
zcrm_102773000000739009,1.018,2.003,3.003,4.02,5.009,0
zcrm_102773000000739009,1.005,2.003,3.003,4.02,5.009,0
zcrm_102773000000739009,1.024,2.006,3.003,4.02,5.009,0
zcrm_102773000000740045,1.016,2.003,3.008,4.001,5.016,0
zcrm_102773000000740093,1.016,2.003,3.008,4.001,5.016,0
zcrm_102773000000740141,1.016,2.006,3.008,4.001,5.016,0
zcrm_102773000000740189,1.016,2.003,3.008,4.001,5.016,0
zcrm_102773000000740237,1.016,2.003,3.008,4.001,5.016,0
zcrm_102773000000740285,1.023,2.003,3.008,4.001,5.016,0
zcrm_102773000000740413,1.016,2.006,3.008,4.001,5.018,0
zcrm_102773000000740461,1.016,2.006,3.008,4.001,5.023,0
zcrm_102773000000740513,1.016,2.006,3.008,4.001,5.015,0
zcrm_102773000000740561,1.005,2.003,3.001,4.001,5.001,0
zcrm_102773000000740609,1.005,2.006,3.008,4.001,5.005,0
zcrm_102773000000740657,1.021,2.006,3.008,4.001,5.005,0
zcrm_102773000000740739,1.003,2.006,3.001,4.001,5.001,0
zcrm_102773000000740787,1.006,2.006,3.001,4.001,5.001,0
zcrm_102773000000740835,1.02,2.002,3.008,4.001,5.007,0
zcrm_102773000000740883,1.018,2.003,3.001,4.001,5.001,0
zcrm_102773000000740935,1.018,2.003,3.008,4.001,5.01,0
zcrm_102773000000740987,1.005,2.002,3.008,4.001,5.007,0
zcrm_102773000000741035,1.006,2.003,3.008,4.001,5.01,0
zcrm_102773000000741093,1.012,2.003,3.008,4.001,5.01,0
zcrm_102773000000741179,1.016,2.003,3.008,4.001,5.01,0
zcrm_102773000000741230,1.016,2.003,3.008,4.001,5.01,0
zcrm_102773000000741281,1.013,2.006,3.008,4.001,5.01,0
zcrm_102773000000741399,1.019,2.006,3.008,4.001,5.002,0
zcrm_102773000000741454,1.019,2.002,3.008,4.001,5.002,0
zcrm_102773000000741505,1.012,2.006,3.001,4.006,5.001,0
zcrm_102773000000741556,1.013,2.003,3.008,4.017,5.002,0
zcrm_102773000000741612,1.017,2.006,3.008,4.001,5.023,0
zcrm_102773000000741657,1.002,2.006,3.008,4.001,5.016,0
zcrm_102773000000751163,1.013,2.003,3.001,4.006,5.001,0
zcrm_102773000000754183,1.016,2.003,3.001,4.015,5.001,0
zcrm_102773000000754299,1.005,2.006,3.001,4.001,5.001,0
zcrm_102773000000754357,1.025,2.003,3.001,4.001,5.001,0
zcrm_102773000000754391,1.016,2.003,3.001,4.001,5.001,0
zcrm_102773000000756065,1.011,2.003,3.013,4.001,5.011,0
zcrm_102773000000757081,1.016,2.003,3.008,4.001,5.023,0
zcrm_102773000000757081,1.016,2.006,3.008,4.001,5.023,0
zcrm_102773000000757201,1.024,2.003,3.003,4.02,5.007,1
zcrm_102773000000757201,1.005,2.006,3.003,4.02,5.007,1
zcrm_102773000000764347,1.005,2.006,3.001,4.001,5.001,0
zcrm_102773000000764399,1.005,2.003,3.001,4.001,5.001,0
zcrm_102773000000764428,1.016,2.006,3.001,4.001,5.001,0
zcrm_102773000000764467,1.005,2.003,3.001,4.001,5.001,0
zcrm_102773000000764566,1.005,2.006,3.001,4.001,5.001,0
zcrm_102773000000764648,1.005,2.006,3.001,4.001,5.001,0
zcrm_102773000000764726,1.024,2.006,3.001,4.001,5.001,0
zcrm_102773000000764815,1.005,2.003,3.001,4.001,5.001,0
zcrm_102773000000764852,1.005,2.006,3.001,4.001,5.001,0
zcrm_102773000000764938,1.005,2.003,3.001,4.001,5.001,0
zcrm_102773000000764983,1.005,2.006,3.001,4.001,5.001,0
zcrm_102773000000765028,1.016,2.006,3.001,4.001,5.001,0
zcrm_102773000000765258,1.005,2.006,3.001,4.001,5.001,0
zcrm_102773000000765282,1.005,2.003,3.001,4.001,5.001,0
zcrm_102773000000765350,1.024,2.003,3.001,4.001,5.001,0
zcrm_102773000000765380,1.005,2.006,3.001,4.001,5.001,0
zcrm_102773000000765380,1.005,2.003,3.001,4.001,5.001,0
zcrm_102773000000765519,1.005,2.006,3.001,4.001,5.001,0
zcrm_102773000000765554,1.006,2.003,3.001,4.001,5.001,0
zcrm_102773000000765846,1.001,2.001,3.001,4.001,5.001,0
zcrm_102773000000765917,1.001,2.001,3.008,4.001,5.007,0
zcrm_102773000000765939,1.001,2.001,3.008,4.001,5.007,0
zcrm_102773000000765967,1.001,2.001,3.008,4.001,5.007,0
zcrm_102773000000766407,1.016,2.003,3.013,4.001,5.016,0
zcrm_102773000000766727,1.001,2.001,3.008,4.001,5.023,0
zcrm_102773000000770142,1.019,2.002,3.001,4.017,5.001,0
zcrm_102773000000770163,1.013,2.002,3.001,4.001,5.001,0
zcrm_102773000000770203,1.012,2.002,3.001,4.001,5.001,0
zcrm_102773000000770230,1.013,2.006,3.001,4.001,5.001,0
zcrm_102773000000770515,1.019,2.006,3.002,4.001,5.01,0
zcrm_102773000000770515,1.019,2.003,3.002,4.001,5.01,0
zcrm_102773000000770702,1.023,2.006,3.003,4.017,5.01,0
zcrm_102773000000774340,1.012,2.006,3.008,4.001,5.002,0
zcrm_102773000000780047,1.023,2.003,3.001,4.001,5.001,0
zcrm_102773000000781014,1.005,2.006,3.001,4.001,5.001,0
zcrm_102773000000781057,1.001,2.001,3.003,4.001,5.006,0
zcrm_102773000000787641,1.016,2.006,3.008,4.001,5.019,0
zcrm_102773000000789149,1.005,2.002,3.003,4.001,5.009,0
zcrm_102773000000789461,1.019,2.003,3.003,4.015,5.01,0
zcrm_102773000000789951,1.013,2.006,3.003,4.001,5.002,0
zcrm_102773000000791139,1.016,2.003,3.008,4.014,5.005,0
zcrm_102773000000791186,1.012,2.006,3.003,4.014,5.005,0
zcrm_102773000000791358,1.005,2.006,3.003,4.001,5.007,0
zcrm_102773000000792162,1.013,2.003,3.008,4.001,5.023,0
zcrm_102773000000797002,1.005,2.003,3.001,4.001,5.001,0
zcrm_102773000000797046,1.005,2.003,3.001,4.001,5.001,0
zcrm_102773000000798027,1.023,2.003,3.001,4.001,5.001,0
zcrm_102773000000798074,1.005,2.006,3.001,4.001,5.001,0
zcrm_102773000000798102,1.005,2.002,3.001,4.001,5.001,0
zcrm_102773000000805106,1.005,2.006,3.001,4.006,5.001,0
zcrm_102773000000805190,1.005,2.003,3.001,4.001,5.001,0
zcrm_102773000000805817,1.013,2.006,3.003,4.001,5.01,0
zcrm_102773000000806094,1.02,2.006,3.003,4.001,5.002,0
zcrm_102773000000806429,1.016,2.006,3.008,4.011,5.002,0
zcrm_102773000000807327,1.016,2.006,3.008,4.001,5.023,0
zcrm_102773000000807368,1.016,2.006,3.008,4.001,5.023,0
zcrm_102773000000807795,1.016,2.006,3.008,4.001,5.023,0
zcrm_102773000000807896,1.016,2.003,3.008,4.001,5.011,0
zcrm_102773000000807937,1.016,2.003,3.008,4.011,5.011,0
zcrm_102773000000808107,1.013,2.003,3.003,4.006,5.002,1
zcrm_102773000000808107,1.013,2.006,3.003,4.006,5.002,1
zcrm_102773000000810103,1.019,2.003,3.008,4.008,5.01,1
zcrm_102773000000810103,1.019,2.003,3.008,4.008,5.01,1
zcrm_102773000000810130,1.019,2.006,3.001,4.001,5.001,0
zcrm_102773000000810163,1.016,2.006,3.008,4.017,5.01,0
zcrm_102773000000810200,1.013,2.003,3.002,4.015,5.01,0
zcrm_102773000000810361,1.018,2.006,3.003,4.003,5.011,0
zcrm_102773000000810416,1.003,2.003,3.003,4.017,5.01,0
zcrm_102773000000817122,1.013,2.003,3.003,4.017,5.002,0
zcrm_102773000000817263,1.013,2.003,3.001,4.015,5.001,0
zcrm_102773000000817656,1.005,2.003,3.003,4.001,5.015,0
zcrm_102773000000817913,1.02,2.002,3.003,4.001,5.007,0
zcrm_102773000000818363,1.019,2.006,3.003,4.003,5.019,0
zcrm_102773000000818431,1.019,2.006,3.003,4.003,5.019,0
zcrm_102773000000818477,1.019,2.006,3.003,4.003,5.019,0
zcrm_102773000000818515,1.016,2.006,3.003,4.001,5.019,0
zcrm_102773000000818561,1.016,2.006,3.003,4.003,5.019,0
zcrm_102773000000818599,1.016,2.006,3.007,4.001,5.019,0
zcrm_102773000000819768,1.005,2.006,3.008,4.001,5.005,0
zcrm_102773000000819907,1.005,2.006,3.003,4.001,5.009,0
zcrm_102773000000820439,1.016,2.006,3.003,4.001,5.011,0
zcrm_102773000000820484,1.016,2.006,3.003,4.003,5.011,0
zcrm_102773000000820755,1.016,2.006,3.008,4.001,5.006,0
zcrm_102773000000820755,1.016,2.006,3.008,4.001,5.006,0
zcrm_102773000000821156,1.005,2.006,3.001,4.001,5.001,0
zcrm_102773000000821644,1.016,2.006,3.003,4.001,5.006,0
zcrm_102773000000821697,1.016,2.006,3.003,4.001,5.006,0
zcrm_102773000000831157,1.005,2.006,3.008,4.025,5.003,0
zcrm_102773000000831429,1.016,2.003,3.01,4.015,5.006,0
zcrm_102773000000832175,1.016,2.002,3.003,4.001,5.023,0
zcrm_102773000000832384,1.005,2.006,3.001,4.001,5.001,0
zcrm_102773000000832405,1.013,2.003,3.001,4.001,5.001,0
zcrm_102773000000832438,1.013,2.006,3.001,4.001,5.001,0
zcrm_102773000000833539,1.013,2.006,3.008,4.006,5.002,0
zcrm_102773000000833539,1.013,2.002,3.008,4.006,5.002,0
zcrm_102773000000834027,1.016,2.006,3.003,4.001,5.011,0
zcrm_102773000000834027,1.016,2.003,3.003,4.001,5.011,0
zcrm_102773000000834027,1.016,2.003,3.003,4.001,5.011,0
zcrm_102773000000836261,1.013,2.006,3.003,4.017,5.01,0
zcrm_102773000000836261,1.013,2.006,3.003,4.017,5.01,0
zcrm_102773000000836361,1.019,2.006,3.001,4.001,5.001,0