ACCOUNTID,PROVINCE,OPERATOR,CLUE,INDUSTRY,OWNER,POST,CATEGORY
zcrm_102773000000160147,1.019,2.002,3.008,4.009,5.015,6.050,0
zcrm_102773000000601751,1.003,2.006,3.008,4.015,5.013,6.050,0
zcrm_102773000000148004,1.002,2.001,3.003,4.001,5.023,6.110,0
zcrm_102773000000148352,1.022,2.006,3.008,4.015,5.015,6.110,0
zcrm_102773000000538025,1.003,2.006,3.003,4.020,5.002,6.010,0
zcrm_102773000000265136,1.005,2.003,3.008,4.005,5.007,6.020,1
zcrm_102773000000326019,1.002,2.003,3.003,4.009,5.016,6.050,0
zcrm_102773000000818599,1.002,2.006,3.007,4.001,5.019,6.030,0
zcrm_102773000000265154,1.022,2.001,3.008,4.025,5.015,6.110,1
zcrm_102773000000605320,1.022,2.006,3.008,4.009,5.007,6.050,0
zcrm_102773000000391048,1.019,2.001,3.005,4.020,5.013,6.020,0
zcrm_102773000000435001,1.022,2.006,3.008,4.017,5.012,6.050,0
zcrm_102773000000153059,1.022,2.006,3.008,4.009,5.015,6.050,0
zcrm_102773000000163064,1.002,2.003,3.008,4.006,5.016,6.080,0
zcrm_102773000000433401,1.002,2.002,3.008,4.016,5.002,6.050,0
zcrm_102773000000338189,1.003,2.003,3.008,4.015,5.002,6.090,1
zcrm_102773000000414125,1.003,2.006,3.003,4.017,5.010,6.040,0
zcrm_102773000000257294,1.022,2.001,3.008,4.020,5.015,6.050,0
zcrm_102773000000618589,1.018,2.006,3.008,4.011,5.010,6.090,0
zcrm_102773000000541148,1.022,2.006,3.003,4.020,5.009,6.030,1
zcrm_102773000000414129,1.022,2.003,3.008,4.009,5.015,6.060,0
zcrm_102773000000391082,1.003,2.001,3.002,4.006,5.010,6.040,0
zcrm_102773000000168105,1.020,2.006,3.008,4.017,5.013,6.040,0
zcrm_102773000000705185,1.002,2.006,3.003,4.013,5.011,6.020,0
zcrm_102773000000389284,1.003,2.006,3.006,4.009,5.013,6.020,0
zcrm_102773000000257147,1.018,2.003,3.008,4.015,5.023,6.090,0
zcrm_102773000000473242,1.003,2.006,3.003,4.004,5.002,6.030,1
zcrm_102773000000325203,1.018,2.003,3.008,4.020,5.002,6.050,0
zcrm_102773000000373267,1.022,2.003,3.008,4.015,5.015,6.050,0
zcrm_102773000000740987,1.022,2.002,3.008,4.001,5.007,6.110,0
zcrm_102773000000180087,1.002,2.006,3.013,4.009,5.016,6.040,0
zcrm_102773000000413306,1.002,2.006,3.008,4.009,5.016,6.110,0
zcrm_102773000000178079,1.002,2.006,3.008,4.020,5.016,6.050,0
zcrm_102773000000627151,1.016,2.002,3.008,4.020,5.013,6.050,0
zcrm_102773000000180035,1.002,2.003,3.008,4.009,5.016,6.030,0
zcrm_102773000000265088,1.002,2.006,3.003,4.006,5.011,6.030,1
zcrm_102773000000326225,1.003,2.006,3.010,4.009,5.002,6.030,1
zcrm_102773000000489021,1.003,2.001,3.003,4.001,5.010,6.110,0
zcrm_102773000000377478,1.022,2.006,3.008,4.017,5.015,6.050,0
zcrm_102773000000724041,1.004,2.002,3.003,4.003,5.019,6.010,0
zcrm_102773000000375099,1.003,2.006,3.008,4.007,5.002,6.050,0
zcrm_102773000000150266,1.002,2.006,3.008,4.020,5.016,6.090,0
zcrm_102773000000679516,1.003,2.006,3.008,4.001,5.002,6.110,0
zcrm_102773000000177046,1.003,2.003,3.008,4.020,5.013,6.090,0
zcrm_102773000000473029,1.003,2.003,3.002,4.007,5.013,6.050,0
zcrm_102773000000188090,1.012,2.006,3.003,4.001,5.014,6.010,0
zcrm_102773000000185258,1.003,2.003,3.003,4.015,5.002,6.040,1
zcrm_102773000000807896,1.002,2.003,3.008,4.001,5.011,6.050,0
zcrm_102773000000148543,1.022,2.003,3.008,4.020,5.015,6.040,0
zcrm_102773000000735314,1.002,2.003,3.008,4.001,5.023,6.050,0
zcrm_102773000000265072,1.003,2.006,3.002,4.020,5.013,6.030,1
zcrm_102773000000134005,1.031,2.006,3.008,4.020,5.016,6.080,0
zcrm_102773000000740835,1.023,2.002,3.008,4.001,5.007,6.110,0
zcrm_102773000000320041,1.003,2.003,3.008,4.009,5.013,6.090,0
zcrm_102773000000729305,1.002,2.006,3.008,4.009,5.023,6.110,1
zcrm_102773000000377160,1.022,2.002,3.008,4.006,5.015,6.050,0
zcrm_102773000000328119,1.002,2.003,3.008,4.009,5.011,6.050,0
zcrm_102773000000178124,1.022,2.003,3.008,4.006,5.015,6.010,0
zcrm_102773000000452003,1.022,2.003,3.002,4.010,5.015,6.050,0
zcrm_102773000000145061,1.022,2.006,3.008,4.003,5.015,6.040,0
zcrm_102773000000342090,1.022,2.003,3.003,4.006,5.015,6.030,0
zcrm_102773000000706018,1.019,2.006,3.008,4.017,5.010,6.090,0
zcrm_102773000000265090,1.002,2.006,3.013,4.011,5.023,6.030,1
zcrm_102773000000435047,1.031,2.006,3.008,4.006,5.015,6.050,0
zcrm_102773000000247055,1.022,2.001,3.003,4.005,5.015,6.050,0
zcrm_102773000000739009,1.022,2.003,3.003,4.020,5.009,6.040,0
zcrm_102773000000257079,1.019,2.006,3.008,4.020,5.002,6.050,0
zcrm_102773000000265164,1.002,2.003,3.013,4.006,5.011,6.050,1
zcrm_102773000000317216,1.002,2.006,3.006,4.001,5.019,6.030,0
zcrm_102773000000810361,1.028,2.006,3.003,4.003,5.011,6.030,0
zcrm_102773000000677253,1.002,2.006,3.003,4.006,5.011,6.030,1
zcrm_102773000000265104,1.016,2.006,3.003,4.006,5.011,6.040,1
zcrm_102773000000548361,1.013,2.001,3.003,4.001,5.011,6.110,0
zcrm_102773000000325147,1.003,2.003,3.003,4.015,5.002,6.060,0
zcrm_102773000000547156,1.022,2.003,3.003,4.001,5.005,6.030,0
zcrm_102773000000265068,1.018,2.002,3.008,4.009,5.002,6.020,1
zcrm_102773000000585332,1.022,2.006,3.003,4.020,5.015,6.030,0
zcrm_102773000000820439,1.002,2.006,3.003,4.001,5.011,6.030,0
zcrm_102773000000688057,1.003,2.006,3.003,4.009,5.010,6.020,1
zcrm_102773000000285045,1.030,2.003,3.008,4.001,5.015,6.060,0
zcrm_102773000000265076,1.003,2.006,3.002,4.006,5.013,6.030,1
zcrm_102773000000677063,1.003,2.006,3.003,4.015,5.010,6.010,1
zcrm_102773000000288087,1.020,2.003,3.008,4.005,5.013,6.050,0
zcrm_102773000000585638,1.022,2.003,3.003,4.017,5.015,6.050,0
zcrm_102773000000338001,1.022,2.006,3.008,4.005,5.015,6.050,0
zcrm_102773000000150089,1.022,2.003,3.003,4.006,5.015,6.030,0
zcrm_102773000000585377,1.022,2.003,3.003,4.017,5.015,6.050,0
zcrm_102773000000288051,1.020,2.006,3.008,4.005,5.013,6.020,0
zcrm_102773000000248041,1.003,2.006,3.008,4.011,5.013,6.030,1
zcrm_102773000000473358,1.002,2.006,3.005,4.015,5.016,6.020,1
zcrm_102773000000390492,1.002,2.003,3.008,4.015,5.016,6.060,0
zcrm_102773000000148981,1.022,2.003,3.003,4.007,5.015,6.050,0
zcrm_102773000000677084,1.003,2.003,3.003,4.015,5.010,6.020,0
zcrm_102773000000493005,1.019,2.006,3.008,4.005,5.010,6.090,0
zcrm_102773000000604036,1.003,2.006,3.003,4.020,5.002,6.030,0
zcrm_102773000000740935,1.028,2.003,3.008,4.001,5.010,6.110,0
zcrm_102773000000601608,1.002,2.003,3.010,4.006,5.011,6.030,1
zcrm_102773000000257109,1.022,2.003,3.008,4.020,5.015,6.050,0
zcrm_102773000000330141,1.002,2.006,3.009,4.002,5.016,6.030,0
zcrm_102773000000740093,1.002,2.003,3.008,4.001,5.016,6.110,0
zcrm_102773000000265160,1.022,2.006,3.008,4.022,5.015,6.030,1
zcrm_102773000000667018,1.003,2.006,3.008,4.015,5.002,6.020,0
zcrm_102773000000142134,1.002,2.001,3.003,4.006,5.016,6.110,0
zcrm_102773000000602242,1.003,2.003,3.008,4.006,5.013,6.090,0
zcrm_102773000000296017,1.018,2.003,3.008,4.009,5.013,6.020,0
zcrm_102773000000735120,1.002,2.006,3.008,4.001,5.023,6.010,0
zcrm_102773000000309058,1.002,2.003,3.008,4.006,5.011,6.030,0
zcrm_102773000000483198,1.022,2.006,3.008,4.006,5.015,6.090,0
zcrm_102773000000265146,1.002,2.006,3.013,4.025,5.016,6.030,1
zcrm_102773000000249223,1.003,2.006,3.008,4.020,5.013,6.060,0
zcrm_102773000000571200,1.002,2.006,3.008,4.006,5.007,6.090,0
zcrm_102773000000373045,1.003,2.003,3.008,4.006,5.013,6.090,0
zcrm_102773000000276020,1.002,2.006,3.003,4.009,5.016,6.010,0
zcrm_102773000000143022,1.002,2.001,3.003,4.001,5.004,6.110,0
zcrm_102773000000153013,1.028,2.006,3.008,4.020,5.016,6.040,0
zcrm_102773000000188206,1.004,2.007,3.007,4.010,5.016,6.110,0
zcrm_102773000000471122,1.019,2.006,3.008,4.010,5.002,6.090,0
zcrm_102773000000657674,1.002,2.006,3.008,4.020,5.016,6.050,0
zcrm_102773000000388493,1.028,2.003,3.003,4.008,5.015,6.050,0
zcrm_102773000000168021,1.002,2.003,3.008,4.002,5.016,6.080,0
zcrm_102773000000601807,1.020,2.003,3.008,4.009,5.021,6.050,0
zcrm_102773000000810200,1.003,2.003,3.002,4.015,5.010,6.110,0
zcrm_102773000000541248,1.003,2.002,3.013,4.001,5.017,6.010,0
zcrm_102773000000167215,1.020,2.001,3.003,4.006,5.002,6.110,0
zcrm_102773000000819907,1.022,2.006,3.003,4.001,5.009,6.030,0
zcrm_102773000000375061,1.003,2.003,3.008,4.017,5.002,6.050,0
zcrm_102773000000190212,1.002,2.006,3.008,4.006,5.011,6.050,0
zcrm_102773000000148218,1.002,2.001,3.008,4.019,5.002,6.110,0
zcrm_102773000000628523,1.023,2.002,3.003,4.020,5.005,6.040,0
zcrm_102773000000142031,1.003,2.006,3.003,4.006,5.002,6.020,0
zcrm_102773000000741556,1.003,2.003,3.008,4.017,5.002,6.060,0
zcrm_102773000000185378,1.002,2.006,3.008,4.009,5.016,6.050,0
zcrm_102773000000377420,1.004,2.006,3.008,4.009,5.016,6.050,0
zcrm_102773000000305718,1.002,2.006,3.008,4.008,5.011,6.040,0
zcrm_102773000000413067,1.013,2.006,3.008,4.010,5.016,6.090,0
zcrm_102773000000735410,1.002,2.003,3.008,4.001,5.023,6.090,0
zcrm_102773000000770515,1.019,2.006,3.002,4.001,5.010,6.020,0
zcrm_102773000000320001,1.003,2.006,3.008,4.010,5.002,6.090,0
zcrm_102773000000296067,1.022,2.003,3.008,4.006,5.015,6.030,1
zcrm_102773000000820484,1.002,2.006,3.003,4.003,5.011,6.030,0
zcrm_102773000000628095,1.026,2.003,3.004,4.018,5.015,6.040,0
zcrm_102773000000161084,1.002,2.001,3.008,4.019,5.016,6.110,0
zcrm_102773000000432154,1.016,2.002,3.008,4.005,5.002,6.050,0
zcrm_102773000000471007,1.002,2.006,3.003,4.020,5.002,6.040,1
zcrm_102773000000385005,1.002,2.006,3.008,4.020,5.016,6.110,0
zcrm_102773000000148418,1.003,2.001,3.008,4.006,5.008,6.110,1
zcrm_102773000000265118,1.002,2.006,3.008,4.008,5.011,6.020,1
zcrm_102773000000467058,1.018,2.002,3.008,4.006,5.013,6.050,0
zcrm_102773000000148462,1.002,2.006,3.008,4.007,5.013,6.010,1
zcrm_102773000000390392,1.019,2.002,3.008,4.020,5.002,6.110,0
zcrm_102773000000820755,1.002,2.006,3.008,4.001,5.006,6.090,0
zcrm_102773000000421001,1.011,2.002,3.003,4.005,5.016,6.030,0
zcrm_102773000000265124,1.003,2.001,3.003,4.006,5.008,6.110,1
zcrm_102773000000148396,1.014,2.002,3.008,4.021,5.015,6.080,0
zcrm_102773000000153393,1.002,2.006,3.003,4.009,5.016,6.040,0
zcrm_102773000000655597,1.024,2.003,3.008,4.006,5.013,6.080,0
zcrm_102773000000163118,1.022,2.006,3.008,4.011,5.015,6.060,0
zcrm_102773000000388028,1.019,2.002,3.008,4.009,5.016,6.020,0
zcrm_102773000000810103,1.019,2.003,3.008,4.008,5.010,6.020,1
zcrm_102773000000791139,1.002,2.003,3.008,4.014,5.005,6.030,0
zcrm_102773000000679567,1.002,2.003,3.008,4.001,5.011,6.110,0
zcrm_102773000000679616,1.002,2.006,3.008,4.001,5.023,6.110,0
zcrm_102773000000249189,1.002,2.002,3.002,4.013,5.011,6.010,0
zcrm_102773000000537047,1.002,2.006,3.008,4.011,5.011,6.050,0
zcrm_102773000000741179,1.002,2.003,3.008,4.001,5.010,6.110,0
zcrm_102773000000265110,1.002,2.003,3.008,4.015,5.016,6.020,1
zcrm_102773000000153105,1.019,2.002,3.008,4.019,5.002,6.040,0
zcrm_102773000000265066,1.019,2.006,3.008,4.009,5.013,6.040,1
zcrm_102773000000185408,1.002,2.005,3.008,4.002,5.016,6.050,0
zcrm_102773000000265166,1.003,2.001,3.008,4.010,5.013,6.110,1
zcrm_102773000000414191,1.002,2.006,3.008,4.020,5.016,6.050,0
zcrm_102773000000148330,1.022,2.006,3.008,4.011,5.015,6.030,1
zcrm_102773000000257256,1.022,2.003,3.008,4.009,5.015,6.060,0
zcrm_102773000000391160,1.002,2.006,3.008,4.006,5.016,6.090,0
zcrm_102773000000390344,1.002,2.002,3.008,4.009,5.016,6.050,0
zcrm_102773000000741093,1.018,2.003,3.008,4.001,5.010,6.110,0
zcrm_102773000000146172,1.018,2.006,3.008,4.015,5.002,6.040,1
zcrm_102773000000601060,1.003,2.003,3.003,4.005,5.010,6.020,0
zcrm_102773000000571945,1.019,2.003,3.008,4.011,5.011,6.060,0
zcrm_102773000000457013,1.002,2.006,3.008,4.010,5.016,6.110,0
zcrm_102773000000735898,1.002,2.006,3.008,4.001,5.015,6.110,0
zcrm_102773000000627260,1.022,2.002,3.008,4.020,5.005,6.090,0
zcrm_102773000000327295,1.022,2.003,3.008,4.017,5.015,6.030,0
zcrm_102773000000265078,1.003,2.001,3.008,4.006,5.013,6.110,1
zcrm_102773000000148308,1.022,2.001,3.003,4.006,5.015,6.110,1
zcrm_102773000000413348,1.014,2.003,3.003,4.010,5.015,6.090,0
zcrm_102773000000265130,1.022,2.002,3.008,4.007,5.015,6.040,1
zcrm_102773000000655661,1.002,2.002,3.008,4.017,5.016,6.050,0
zcrm_102773000000388637,1.025,2.006,3.008,4.007,5.016,6.050,0
zcrm_102773000000175084,1.031,2.002,3.008,4.006,5.015,6.040,0
zcrm_102773000000620091,1.022,2.003,3.005,4.022,5.015,6.010,1
zcrm_102773000000667068,1.019,2.003,3.008,4.009,5.002,6.090,0
zcrm_102773000000257224,1.002,2.006,3.008,4.005,5.011,6.080,0
zcrm_102773000000807795,1.002,2.006,3.008,4.001,5.023,6.110,0
zcrm_102773000000740045,1.002,2.003,3.008,4.001,5.016,6.110,0
zcrm_102773000000327147,1.003,2.006,3.008,4.009,5.002,6.050,0
zcrm_102773000000265122,1.022,2.003,3.013,4.011,5.015,6.040,1
zcrm_102773000000489003,1.019,2.001,3.008,4.001,5.010,6.110,0
zcrm_102773000000618779,1.002,2.003,3.003,4.001,5.023,6.040,0
zcrm_102773000000261015,1.013,2.006,3.003,4.003,5.011,6.030,0
zcrm_102773000000548387,1.022,2.001,3.005,4.001,5.016,6.110,0
zcrm_102773000000148686,1.001,2.001,3.008,4.020,5.015,6.110,1
zcrm_102773000000291998,1.002,2.006,3.003,4.001,5.016,6.020,0
zcrm_102773000000249129,1.014,2.006,3.008,4.020,5.016,6.060,0
zcrm_102773000000666152,1.003,2.006,3.003,4.015,5.002,6.040,0
zcrm_102773000000657615,1.002,2.006,3.003,4.009,5.023,6.110,0
zcrm_102773000000805817,1.003,2.006,3.003,4.001,5.010,6.010,0
zcrm_102773000000620091,1.031,2.003,3.005,4.022,5.015,6.040,1
zcrm_102773000000603087,1.002,2.002,3.008,4.006,5.011,6.110,0
zcrm_102773000000605379,1.003,2.002,3.008,4.015,5.021,6.090,0
zcrm_102773000000309225,1.002,2.003,3.008,4.009,5.016,6.050,0
zcrm_102773000000645737,1.003,2.006,3.003,4.003,5.002,6.010,0
zcrm_102773000000257382,1.019,2.002,3.008,4.017,5.013,6.050,0
zcrm_102773000000571084,1.003,2.006,3.008,4.020,5.021,6.060,0
zcrm_102773000000146096,1.018,2.001,3.003,4.001,5.013,6.110,0
zcrm_102773000000473224,1.019,2.003,3.003,4.006,5.002,6.010,0
zcrm_102773000000146124,1.003,2.006,3.008,4.008,5.013,6.020,1
zcrm_102773000000285009,1.022,2.001,3.008,4.009,5.015,6.110,0
zcrm_102773000000740657,1.031,2.006,3.008,4.001,5.005,6.110,0
zcrm_102773000000123523,1.002,2.006,3.008,4.006,5.016,6.040,0
zcrm_102773000000265158,1.022,2.003,3.008,4.020,5.015,6.030,1
zcrm_102773000000590341,1.022,2.003,3.008,4.017,5.015,6.090,0
zcrm_102773000000335094,1.002,2.006,3.009,4.019,5.016,6.020,0
zcrm_102773000000148108,1.002,2.001,3.003,4.001,5.016,6.110,0
zcrm_102773000000315572,1.003,2.002,3.008,4.009,5.002,6.060,0
zcrm_102773000000627992,1.002,2.003,3.010,4.025,5.016,6.030,0
zcrm_102773000000740461,1.002,2.006,3.008,4.001,5.023,6.030,0
zcrm_102773000000188118,1.008,2.001,3.003,4.001,5.019,6.110,0
zcrm_102773000000265162,1.019,2.006,3.008,4.011,5.015,6.040,1
zcrm_102773000000472176,1.002,2.003,3.008,4.009,5.018,6.050,0
zcrm_102773000000668969,1.013,2.003,3.003,4.001,5.016,6.030,0
zcrm_102773000000612067,1.002,2.003,3.008,4.020,5.016,6.050,0
zcrm_102773000000602184,1.003,2.003,3.008,4.010,5.002,6.050,0
zcrm_102773000000403189,1.002,2.003,3.008,4.017,5.016,6.080,0
zcrm_102773000000248017,1.002,2.006,3.008,4.011,5.011,6.090,1
zcrm_102773000000123710,1.019,2.003,3.008,4.005,5.013,6.040,0
zcrm_102773000000265142,1.019,2.001,3.008,4.019,5.016,6.110,1
zcrm_102773000000251122,1.022,2.006,3.008,4.007,5.015,6.090,0
zcrm_102773000000479009,1.018,2.003,3.008,4.020,5.002,6.090,0
zcrm_102773000000806094,1.023,2.006,3.003,4.001,5.002,6.110,0
zcrm_102773000000817122,1.003,2.003,3.003,4.017,5.002,6.040,0
zcrm_102773000000163182,1.019,2.006,3.003,4.019,5.002,6.040,0
zcrm_102773000000603416,1.022,2.003,3.008,4.011,5.005,6.090,0
zcrm_102773000000548325,1.013,2.001,3.008,4.001,5.011,6.110,0
zcrm_102773000000569259,1.002,2.003,3.003,4.007,5.002,6.040,0
zcrm_102773000000679783,1.002,2.006,3.008,4.001,5.011,6.110,0
zcrm_102773000000177080,1.022,2.006,3.008,4.006,5.011,6.050,0
zcrm_102773000000342146,1.022,2.003,3.003,4.017,5.015,6.030,0
zcrm_102773000000150203,1.003,2.003,3.013,4.007,5.002,6.040,1
zcrm_102773000000288249,1.022,2.006,3.008,4.020,5.015,6.040,0
zcrm_102773000000338143,1.019,2.003,3.008,4.009,5.002,6.050,0
zcrm_102773000000791186,1.018,2.006,3.003,4.014,5.005,6.030,0
zcrm_102773000000538037,1.012,2.002,3.003,4.004,5.002,6.040,0
zcrm_102773000000148889,1.002,2.002,3.008,4.015,5.023,6.040,0
zcrm_102773000000325073,1.019,2.006,3.008,4.010,5.002,6.050,0
zcrm_102773000000810416,1.005,2.003,3.003,4.017,5.010,6.060,0
zcrm_102773000000265086,1.002,2.006,3.008,4.011,5.008,6.010,1
zcrm_102773000000781057,1.001,2.001,3.003,4.001,5.006,6.110,0
zcrm_102773000000679831,1.003,2.003,3.008,4.001,5.010,6.040,0
zcrm_102773000000810163,1.002,2.006,3.008,4.017,5.010,6.030,0
zcrm_102773000000836261,1.003,2.006,3.003,4.017,5.010,6.090,0
zcrm_102773000000390446,1.003,2.003,3.008,4.015,5.002,6.020,1
zcrm_102773000000391368,1.002,2.003,3.008,4.017,5.016,6.050,0
zcrm_102773000000377516,1.002,2.002,3.008,4.015,5.023,6.050,0
zcrm_102773000000265106,1.002,2.006,3.008,4.007,5.011,6.030,1
zcrm_102773000000328001,1.003,2.006,3.003,4.010,5.013,6.010,0
zcrm_102773000000821644,1.002,2.006,3.003,4.001,5.006,6.020,0
zcrm_102773000000627309,1.022,2.006,3.008,4.006,5.015,6.050,0
zcrm_102773000000657491,1.028,2.003,3.008,4.009,5.002,6.050,0
zcrm_102773000000735562,1.002,2.006,3.008,4.001,5.019,6.110,0
zcrm_102773000000433453,1.019,2.006,3.003,4.017,5.002,6.080,0
zcrm_102773000000789461,1.019,2.003,3.003,4.015,5.010,6.050,0
zcrm_102773000000571253,1.022,2.003,3.003,4.006,5.009,6.020,0
zcrm_102773000000265064,1.003,2.002,3.008,4.010,5.002,6.020,1
zcrm_102773000000265102,1.002,2.001,3.013,4.010,5.016,6.110,1
zcrm_102773000000120742,1.002,2.002,3.008,4.010,5.002,6.060,0
zcrm_102773000000626853,1.022,2.006,3.003,4.024,5.009,6.060,0
zcrm_102773000000392159,1.003,2.006,3.008,4.009,5.002,6.040,0
zcrm_102773000000735218,1.024,2.002,3.008,4.001,5.023,6.050,0
zcrm_102773000000618109,1.018,2.003,3.008,4.020,5.013,6.010,1
zcrm_102773000000819768,1.022,2.006,3.008,4.001,5.005,6.110,0
zcrm_102773000000557014,1.019,2.006,3.008,4.010,5.002,6.090,0
zcrm_102773000000668201,1.019,2.006,3.003,4.001,5.016,6.040,0
zcrm_102773000000153249,1.022,2.003,3.008,4.014,5.015,6.040,0
zcrm_102773000000185058,1.002,2.003,3.008,4.006,5.016,6.050,0
zcrm_102773000000645793,1.003,2.006,3.003,4.006,5.002,6.110,0
zcrm_102773000000257448,1.002,2.006,3.008,4.009,5.016,6.110,0
zcrm_102773000000265170,1.002,2.001,3.008,4.007,5.016,6.110,1
zcrm_102773000000493187,1.022,2.006,3.008,4.006,5.007,6.110,0
zcrm_102773000000807937,1.002,2.003,3.008,4.011,5.011,6.110,0
zcrm_102773000000701257,1.005,2.003,3.003,4.001,5.007,6.030,0
zcrm_102773000000249388,1.003,2.006,3.007,4.001,5.013,6.090,0
zcrm_102773000000158094,1.002,2.006,3.008,4.015,5.023,6.030,1
zcrm_102773000000180061,1.019,2.002,3.008,4.004,5.016,6.030,0
zcrm_102773000000377286,1.022,2.003,3.008,4.009,5.015,6.050,0
zcrm_102773000000185120,1.002,2.003,3.008,4.006,5.016,6.110,0
zcrm_102773000000696001,1.001,2.001,3.003,4.015,5.005,6.030,0
zcrm_102773000000472359,1.003,2.006,3.003,4.015,5.010,6.010,0
zcrm_102773000000740189,1.002,2.003,3.008,4.001,5.016,6.110,0
zcrm_102773000000707044,1.022,2.003,3.008,4.020,5.005,6.020,0
zcrm_102773000000834027,1.002,2.006,3.003,4.001,5.011,6.030,0
zcrm_102773000000388076,1.022,2.006,3.008,4.009,5.015,6.050,0
zcrm_102773000000735754,1.004,2.003,3.008,4.001,5.019,6.110,0
zcrm_102773000000251060,1.019,2.003,3.008,4.009,5.016,6.050,0
zcrm_102773000000265094,1.002,2.001,3.008,4.002,5.016,6.110,1
zcrm_102773000000167070,1.003,2.003,3.008,4.020,5.016,6.040,0
zcrm_102773000000327177,1.002,2.006,3.008,4.017,5.011,6.060,0
zcrm_102773000000741230,1.002,2.003,3.008,4.001,5.010,6.110,0
zcrm_102773000000403149,1.002,2.006,3.008,4.002,5.016,6.040,0
zcrm_102773000000581069,1.003,2.003,3.003,4.015,5.010,6.020,1
zcrm_102773000000548403,1.022,2.006,3.003,4.001,5.005,6.040,0
zcrm_102773000000249083,1.002,2.006,3.008,4.015,5.023,6.060,0
zcrm_102773000000433324,1.003,2.006,3.007,4.001,5.010,6.040,0
zcrm_102773000000317194,1.003,2.006,3.003,4.001,5.013,6.030,0
zcrm_102773000000373490,1.002,2.006,3.008,4.017,5.016,6.050,0
zcrm_102773000000679735,1.014,2.003,3.008,4.001,5.011,6.110,0
zcrm_102773000000297229,1.003,2.003,3.008,4.002,5.013,6.050,0
zcrm_102773000000413185,1.028,2.002,3.008,4.020,5.015,6.050,0
zcrm_102773000000645337,1.022,2.002,3.010,4.010,5.005,6.030,0
zcrm_102773000000167106,1.022,2.003,3.008,4.020,5.015,6.040,0
zcrm_102773000000831429,1.002,2.003,3.010,4.015,5.006,6.010,0
zcrm_102773000000626900,1.022,2.006,3.003,4.001,5.009,6.060,0
zcrm_102773000000148262,1.002,2.001,3.008,4.001,5.004,6.110,0
zcrm_102773000000251232,1.018,2.001,3.010,4.001,5.020,6.110,0
zcrm_102773000000602316,1.002,2.006,3.008,4.010,5.016,6.090,0
zcrm_102773000000265152,1.022,2.006,3.008,4.010,5.008,6.010,1
zcrm_102773000000178045,1.033,2.003,3.008,4.007,5.002,6.050,0
zcrm_102773000000265084,1.002,2.001,3.003,4.020,5.008,6.110,1
zcrm_102773000000120707,1.003,2.006,3.008,4.006,5.002,6.090,0
zcrm_102773000000432240,1.020,2.003,3.008,4.011,5.002,6.050,0
zcrm_102773000000413231,1.002,2.006,3.008,4.017,5.002,6.050,0
zcrm_102773000000493049,1.003,2.006,3.008,4.019,5.002,6.090,0
zcrm_102773000000265132,1.022,2.006,3.008,4.003,5.015,6.030,1
zcrm_102773000000433272,1.022,2.003,3.008,4.002,5.016,6.080,0
zcrm_102773000000190242,1.016,2.003,3.008,4.020,5.016,6.050,0
zcrm_102773000000265098,1.002,2.006,3.008,4.015,5.016,6.030,1
zcrm_102773000000392199,1.002,2.003,3.008,4.011,5.016,6.050,0
zcrm_102773000000808107,1.003,2.006,3.003,4.006,5.002,6.050,1
zcrm_102773000000666491,1.002,2.003,3.007,4.006,5.011,6.020,0
zcrm_102773000000161190,1.002,2.003,3.005,4.010,5.004,6.010,1
zcrm_102773000000297285,1.003,2.001,3.008,4.019,5.002,6.110,0
zcrm_102773000000327015,1.016,2.003,3.008,4.006,5.020,6.050,0
zcrm_102773000000153309,1.003,2.003,3.008,4.015,5.013,6.040,0
zcrm_102773000000392001,1.013,2.003,3.008,4.010,5.002,6.090,0
zcrm_102773000000265070,1.022,2.006,3.013,4.006,5.013,6.040,1
zcrm_102773000000134038,1.003,2.003,3.008,4.020,5.013,6.040,0
zcrm_102773000000457055,1.012,2.006,3.008,4.010,5.020,6.050,0
zcrm_102773000000257532,1.018,2.003,3.008,4.009,5.013,6.040,0
zcrm_102773000000123645,1.028,2.006,3.008,4.006,5.015,6.050,0
zcrm_102773000000247025,1.022,2.006,3.003,4.001,5.015,6.050,0
zcrm_102773000000612118,1.031,2.006,3.008,4.015,5.011,6.050,0
zcrm_102773000000265144,1.003,2.006,3.008,4.020,5.013,6.030,1
zcrm_102773000000185318,1.018,2.003,3.008,4.020,5.016,6.040,0
zcrm_102773000000265138,1.022,2.006,3.008,4.025,5.015,6.030,1
zcrm_102773000000148042,1.002,2.003,3.005,4.004,5.016,6.040,0
zcrm_102773000000265108,1.002,2.001,3.003,4.009,5.016,6.110,1
zcrm_102773000000597033,1.002,2.002,3.008,4.015,5.016,6.050,0
zcrm_102773000000318191,1.002,2.006,3.008,4.011,5.016,6.090,0
zcrm_102773000000618407,1.022,2.003,3.008,4.009,5.005,6.010,0
zcrm_102773000000571833,1.028,2.002,3.008,4.009,5.007,6.050,0
zcrm_102773000000163222,1.002,2.006,3.008,4.020,5.016,6.050,0
zcrm_102773000000163264,1.019,2.003,3.008,4.015,5.013,6.090,0
zcrm_102773000000616252,1.002,2.006,3.004,4.007,5.011,6.110,1
zcrm_102773000000756065,1.033,2.003,3.013,4.001,5.011,6.040,0
zcrm_102773000000741399,1.019,2.006,3.008,4.001,5.002,6.110,0
zcrm_102773000000377342,1.002,2.003,3.008,4.002,5.016,6.030,0
zcrm_102773000000265176,1.027,2.003,3.008,4.003,5.004,6.030,1
zcrm_102773000000265156,1.022,2.006,3.010,4.014,5.008,6.110,1
zcrm_102773000000257049,1.022,2.003,3.008,4.009,5.015,6.050,0
zcrm_102773000000757081,1.002,2.006,3.008,4.001,5.023,6.090,0
zcrm_102773000000258121,1.002,2.006,3.008,4.020,5.023,6.090,0
zcrm_102773000000153443,1.002,2.006,3.008,4.020,5.016,6.040,0
zcrm_102773000000631612,1.019,2.006,3.008,4.010,5.010,6.050,0
zcrm_102773000000148174,1.002,2.001,3.008,4.001,5.004,6.110,0
zcrm_102773000000373085,1.028,2.006,3.008,4.016,5.015,6.090,0
zcrm_102773000000148064,1.002,2.002,3.003,4.015,5.016,6.020,0
zcrm_102773000000590222,1.030,2.006,3.008,4.008,5.021,6.050,0
zcrm_102773000000265100,1.002,2.003,3.003,4.015,5.008,6.030,1
zcrm_102773000000740609,1.022,2.006,3.008,4.001,5.005,6.110,0
zcrm_102773000000735850,1.002,2.003,3.008,4.001,5.019,6.110,0
zcrm_102773000000741657,1.015,2.006,3.008,4.001,5.016,6.110,0
zcrm_102773000000148925,1.002,2.006,3.008,4.010,5.016,6.050,0
zcrm_102773000000392129,1.022,2.003,3.008,4.020,5.015,6.040,1
zcrm_102773000000766407,1.002,2.003,3.013,4.001,5.016,6.020,0
zcrm_102773000000358003,1.003,2.006,3.008,4.017,5.002,6.010,0
zcrm_102773000000735802,1.002,2.003,3.008,4.001,5.005,6.110,0
zcrm_102773000000249021,1.003,2.006,3.008,4.006,5.016,6.050,0
zcrm_102773000000413105,1.002,2.006,3.003,4.017,5.023,6.040,0
zcrm_102773000000305746,1.002,2.002,3.003,4.006,5.016,6.030,0
zcrm_102773000000153154,1.002,2.006,3.008,4.007,5.013,6.110,0
zcrm_102773000000291978,1.002,2.001,3.003,4.001,5.023,6.110,0
zcrm_102773000000318112,1.002,2.006,3.013,4.013,5.011,6.010,0
zcrm_102773000000265112,1.002,2.003,3.008,4.009,5.016,6.010,1
zcrm_102773000000599327,1.003,2.006,3.003,4.001,5.010,6.020,0
zcrm_102773000000818515,1.002,2.006,3.003,4.001,5.019,6.090,0
zcrm_102773000000537093,1.022,2.006,3.008,4.006,5.005,6.050,0
zcrm_102773000000168055,1.002,2.003,3.008,4.015,5.016,6.040,0
zcrm_102773000000603019,1.016,2.003,3.008,4.020,5.002,6.090,0
zcrm_102773000000740237,1.002,2.003,3.008,4.001,5.016,6.110,0
zcrm_102773000000679714,1.002,2.006,3.008,4.001,5.016,6.050,0
zcrm_102773000000590166,1.013,2.006,3.008,4.006,5.021,6.050,0
zcrm_102773000000740413,1.002,2.006,3.008,4.001,5.018,6.110,0
zcrm_102773000000571602,1.003,2.006,3.008,4.009,5.010,6.060,0
zcrm_102773000000265080,1.003,2.001,3.008,4.020,5.002,6.110,1
zcrm_102773000000580028,1.002,2.003,3.008,4.017,5.011,6.060,0
zcrm_102773000000434299,1.003,2.006,3.003,4.015,5.010,6.010,0
zcrm_102773000000315043,1.002,2.006,3.008,4.017,5.016,6.050,0
zcrm_102773000000685111,1.002,2.003,3.008,4.001,5.023,6.110,0
zcrm_102773000000146040,1.003,2.001,3.008,4.001,5.013,6.110,0
zcrm_102773000000436013,1.002,2.003,3.003,4.010,5.016,6.030,0
zcrm_102773000000679945,1.022,2.003,3.008,4.017,5.005,6.020,1
zcrm_102773000000185090,1.002,2.006,3.008,4.007,5.016,6.110,0
zcrm_102773000000548195,1.002,2.006,3.003,4.001,5.005,6.040,0
zcrm_102773000000548286,1.003,2.001,3.010,4.001,5.011,6.110,0
zcrm_102773000000148240,1.002,2.001,3.003,4.015,5.023,6.110,0
zcrm_102773000000185018,1.033,2.003,3.008,4.020,5.011,6.050,0
zcrm_102773000000357047,1.022,2.003,3.008,4.017,5.015,6.050,0
zcrm_102773000000148484,1.001,2.001,3.003,4.006,5.013,6.110,1
zcrm_102773000000265092,1.002,2.001,3.008,4.009,5.023,6.110,1
zcrm_102773000000265126,1.002,2.006,3.008,4.002,5.016,6.030,1
zcrm_102773000000789149,1.022,2.002,3.003,4.001,5.009,6.040,0
zcrm_102773000000789951,1.003,2.006,3.003,4.001,5.002,6.110,0
zcrm_102773000000392041,1.002,2.003,3.008,4.009,5.016,6.050,0
zcrm_102773000000617063,1.002,2.003,3.003,4.024,5.002,6.010,0
zcrm_102773000000585518,1.022,2.003,3.003,4.006,5.015,6.010,0
zcrm_102773000000741612,1.008,2.006,3.008,4.001,5.023,6.110,0
zcrm_102773000000735706,1.009,2.003,3.008,4.001,5.019,6.110,0
zcrm_102773000000412009,1.002,2.002,3.008,4.020,5.016,6.080,0
zcrm_102773000000564007,1.003,2.003,3.008,4.006,5.002,6.060,0
zcrm_102773000000338113,1.022,2.006,3.008,4.006,5.015,6.090,0
zcrm_102773000000679994,1.014,2.003,3.008,4.001,5.015,6.090,0
zcrm_102773000000818561,1.002,2.006,3.003,4.003,5.019,6.020,0
zcrm_102773000000735946,1.002,2.006,3.008,4.001,5.011,6.110,0
zcrm_102773000000139032,1.020,2.006,3.008,4.006,5.013,6.040,0
zcrm_102773000000571502,1.002,2.002,3.003,4.005,5.011,6.050,0
zcrm_102773000000120812,1.002,2.006,3.003,4.006,5.011,6.020,0
zcrm_102773000000740285,1.014,2.003,3.008,4.001,5.016,6.110,0
zcrm_102773000000150053,1.022,2.006,3.008,4.015,5.015,6.040,0
zcrm_102773000000120707,1.003,2.006,3.008,4.006,5.013,6.090,0
zcrm_102773000000291958,1.002,2.006,3.003,4.006,5.011,6.010,0
zcrm_102773000000249355,1.022,2.006,3.008,4.009,5.015,6.060,0
zcrm_102773000000297291,1.003,2.006,3.008,4.006,5.002,6.090,0
zcrm_102773000000188104,1.022,2.001,3.003,4.003,5.005,6.110,0
zcrm_102773000000556060,1.002,2.002,3.003,4.001,5.007,6.020,0
zcrm_102773000000735362,1.004,2.006,3.008,4.001,5.023,6.030,0
zcrm_102773000000265116,1.002,2.006,3.013,4.020,5.008,6.010,1
zcrm_102773000000373175,1.002,2.003,3.008,4.015,5.023,6.090,0
zcrm_102773000000550034,1.002,2.003,3.013,4.001,5.016,6.020,0
zcrm_102773000000249159,1.003,2.003,3.008,4.006,5.002,6.040,0
zcrm_102773000000413017,1.002,2.006,3.003,4.013,5.011,6.030,0
zcrm_102773000000601692,1.020,2.006,3.008,4.007,5.021,6.050,0
zcrm_102773000000185348,1.022,2.006,3.008,4.006,5.015,6.090,0
zcrm_102773000000544090,1.022,2.003,3.003,4.006,5.015,6.030,0
zcrm_102773000000548430,1.003,2.002,3.003,4.009,5.002,6.050,0
zcrm_102773000000285107,1.003,2.003,3.002,4.017,5.013,6.040,0
zcrm_102773000000548251,1.002,2.006,3.005,4.001,5.016,6.040,0
zcrm_102773000000265140,1.019,2.006,3.008,4.020,5.002,6.020,1
zcrm_102773000000757201,1.022,2.006,3.003,4.020,5.007,6.060,1
zcrm_102773000000258308,1.019,2.006,3.008,4.019,5.013,6.050,0
zcrm_102773000000159530,1.022,2.001,3.003,4.007,5.015,6.010,0
zcrm_102773000000381145,1.002,2.003,3.008,4.009,5.016,6.110,0
zcrm_102773000000679665,1.022,2.002,3.008,4.001,5.007,6.110,0
zcrm_102773000000404060,1.002,2.006,3.008,4.006,5.016,6.050,0
zcrm_102773000000476023,1.022,2.006,3.008,4.006,5.015,6.030,1
zcrm_102773000000292121,1.003,2.006,3.008,4.017,5.013,6.010,0
zcrm_102773000000787641,1.002,2.006,3.008,4.001,5.019,6.110,0
zcrm_102773000000741454,1.019,2.002,3.008,4.001,5.002,6.110,0
zcrm_102773000000603162,1.002,2.003,3.013,4.020,5.016,6.050,0
zcrm_102773000000265082,1.022,2.002,3.008,4.014,5.005,6.020,1
zcrm_102773000000719028,1.003,2.006,3.003,4.015,5.010,6.020,0
zcrm_102773000000338233,1.022,2.006,3.008,4.011,5.015,6.070,1
zcrm_102773000000818431,1.002,2.001,3.003,4.003,5.019,6.040,0
zcrm_102773000000602808,1.023,2.006,3.003,4.002,5.016,6.030,0
zcrm_102773000000120777,1.002,2.003,3.008,4.011,5.016,6.040,0
zcrm_102773000000335120,1.002,2.006,3.009,4.019,5.016,6.010,0
zcrm_102773000000588839,1.022,2.006,3.003,4.020,5.005,6.030,0
zcrm_102773000000180007,1.002,2.006,3.010,4.007,5.016,6.010,0
zcrm_102773000000315013,1.024,2.006,3.008,4.009,5.005,6.040,0
zcrm_102773000000474168,1.002,2.003,3.008,4.009,5.011,6.050,0
zcrm_102773000000269036,1.003,2.003,3.003,4.006,5.002,6.010,1
zcrm_102773000000142057,1.003,2.006,3.008,4.006,5.002,6.010,0
zcrm_102773000000818477,1.004,2.001,3.003,4.003,5.019,6.010,0
zcrm_102773000000342118,1.022,2.006,3.003,4.015,5.015,6.090,0
zcrm_102773000000163150,1.003,2.006,3.008,4.009,5.013,6.060,0
zcrm_102773000000818363,1.010,2.001,3.003,4.003,5.019,6.030,0
zcrm_102773000000807327,1.002,2.006,3.008,4.001,5.023,6.110,0
zcrm_102773000000148739,1.002,2.003,3.008,4.007,5.023,6.040,0
zcrm_102773000000573014,1.012,2.002,3.003,4.006,5.002,6.020,0
zcrm_102773000000432013,1.002,2.003,3.008,4.009,5.016,6.050,0
zcrm_102773000000741281,1.003,2.006,3.008,4.001,5.010,6.110,0
zcrm_102773000000145576,1.003,2.006,3.008,4.003,5.013,6.040,0
zcrm_102773000000590412,1.022,2.006,3.008,4.009,5.005,6.090,0
zcrm_102773000000128007,1.022,2.006,3.003,4.001,5.015,6.090,0
zcrm_102773000000142065,1.003,2.007,3.008,4.015,5.002,6.110,1
zcrm_102773000000188160,1.018,2.006,3.008,4.009,5.013,6.090,0
zcrm_102773000000120672,1.002,2.006,3.008,4.017,5.016,6.060,0
zcrm_102773000000563060,1.019,2.006,3.003,4.007,5.010,6.040,0
zcrm_102773000000315204,1.016,2.003,3.003,4.013,5.011,6.010,0
zcrm_102773000000544279,1.014,2.006,3.008,4.006,5.010,6.040,0
zcrm_102773000000258420,1.022,2.003,3.008,4.009,5.016,6.050,0
zcrm_102773000000347001,1.016,2.003,3.003,4.006,5.016,6.010,0
zcrm_102773000000627201,1.018,2.006,3.008,4.020,5.013,6.080,0
zcrm_102773000000148440,1.003,2.002,3.003,4.007,5.013,6.030,1
zcrm_102773000000452080,1.022,2.006,3.008,4.020,5.015,6.050,0
zcrm_102773000000392319,1.022,2.006,3.008,4.005,5.015,6.050,0
zcrm_102773000000568533,1.003,2.001,3.003,4.001,5.010,6.110,0
zcrm_102773000000581016,1.002,2.003,3.008,4.005,5.016,6.090,0
zcrm_102773000000185190,1.002,2.003,3.008,4.015,5.023,6.050,0
zcrm_102773000000294223,1.022,2.003,3.008,4.016,5.015,6.050,0
zcrm_102773000000388677,1.019,2.003,3.008,4.017,5.002,6.110,0
zcrm_102773000000740141,1.002,2.006,3.008,4.001,5.016,6.110,0
zcrm_102773000000318157,1.012,2.006,3.013,4.001,5.011,6.040,0
zcrm_102773000000309018,1.002,2.003,3.003,4.001,5.016,6.010,0
zcrm_102773000000260064,1.018,2.003,3.008,4.020,5.002,6.040,0
zcrm_102773000000618639,1.002,2.006,3.008,4.005,5.023,6.050,0
zcrm_102773000000158123,1.002,2.001,3.008,4.009,5.016,6.110,0
zcrm_102773000000735997,1.002,2.006,3.008,4.001,5.016,6.110,0
zcrm_102773000000388124,1.002,2.006,3.008,4.015,5.016,6.010,1
zcrm_102773000000265118,1.002,2.006,3.006,4.008,5.011,6.020,1
zcrm_102773000000699254,1.003,2.003,3.003,4.017,5.002,6.020,1
zcrm_102773000000467147,1.002,2.002,3.008,4.009,5.011,6.090,0
zcrm_102773000000156183,1.004,2.003,3.003,4.017,5.016,6.020,0
zcrm_102773000000265120,1.002,2.006,3.008,4.011,5.016,6.010,1
zcrm_102773000000265096,1.002,2.003,3.008,4.017,5.016,6.010,1
zcrm_102773000000489009,1.003,2.001,3.003,4.006,5.010,6.110,0
zcrm_102773000000627657,1.019,2.003,3.008,4.020,5.013,6.050,0
zcrm_102773000000832175,1.002,2.002,3.003,4.001,5.023,6.010,0
zcrm_102773000000309193,1.003,2.003,3.008,4.020,5.002,6.030,1
zcrm_102773000000375005,1.022,2.003,3.008,4.009,5.015,6.080,0
zcrm_102773000000548602,1.022,2.006,3.008,4.017,5.015,6.090,1
zcrm_102773000000566028,1.002,2.006,3.013,4.001,5.011,6.010,0
zcrm_102773000000143046,1.002,2.006,3.003,4.018,5.008,6.110,1
zcrm_102773000000817913,1.023,2.002,3.003,4.001,5.007,6.010,0
zcrm_102773000000741035,1.017,2.003,3.008,4.001,5.010,6.110,0
zcrm_102773000000603162,1.002,2.003,3.008,4.020,5.016,6.050,0
zcrm_102773000000148196,1.002,2.001,3.003,4.007,5.011,6.110,0
zcrm_102773000000392237,1.003,2.006,3.008,4.009,5.010,6.050,0
zcrm_102773000000148787,1.003,2.006,3.003,4.017,5.002,6.030,0
zcrm_102773000000774340,1.018,2.006,3.008,4.001,5.002,6.110,0
zcrm_102773000000153359,1.003,2.006,3.008,4.020,5.002,6.040,0
zcrm_102773000000574476,1.019,2.003,3.003,4.001,5.012,6.010,0
zcrm_102773000000265150,1.002,2.006,3.008,4.015,5.023,6.110,1
zcrm_102773000000817656,1.022,2.003,3.003,4.001,5.015,6.110,0
zcrm_102773000000265172,1.018,2.001,3.008,4.010,5.013,6.110,1
zcrm_102773000000569071,1.003,2.002,3.008,4.007,5.002,6.060,1
zcrm_102773000000148086,1.002,2.003,3.003,4.001,5.023,6.040,0
zcrm_102773000000626971,1.003,2.006,3.003,4.001,5.010,6.080,0
zcrm_102773000000328027,1.022,2.006,3.003,4.011,5.015,6.050,0
zcrm_102773000000585579,1.022,2.003,3.003,4.017,5.015,6.050,0
zcrm_102773000000571026,1.019,2.006,3.008,4.015,5.010,6.010,1
zcrm_102773000000344005,1.022,2.003,3.003,4.015,5.015,6.050,0
zcrm_102773000000265148,1.019,2.006,3.008,4.006,5.013,6.010,1
zcrm_102773000000258386,1.003,2.003,3.008,4.017,5.013,6.050,0
zcrm_102773000000146068,1.003,2.002,3.003,4.013,5.013,6.110,1
zcrm_102773000000297167,1.003,2.006,3.008,4.020,5.013,6.030,1
zcrm_102773000000150125,1.022,2.006,3.008,4.014,5.005,6.050,0
zcrm_102773000000148152,1.002,2.003,3.003,4.009,5.023,6.010,0
zcrm_102773000000735658,1.002,2.006,3.008,4.001,5.019,6.110,0
zcrm_102773000000548528,1.002,2.001,3.008,4.001,5.016,6.110,0
zcrm_102773000000831157,1.022,2.006,3.008,4.025,5.003,6.110,0
zcrm_102773000000792162,1.003,2.003,3.008,4.001,5.023,6.050,0
zcrm_102773000000602051,1.002,2.006,3.003,4.021,5.011,6.020,0
zcrm_102773000000590554,1.022,2.003,3.008,4.009,5.015,6.090,0
zcrm_102773000000374261,1.003,2.006,3.003,4.024,5.002,6.020,1
zcrm_102773000000449067,1.022,2.006,3.008,4.001,5.015,6.050,0
zcrm_102773000000601863,1.003,2.003,3.009,4.015,5.016,6.050,0
zcrm_102773000000676577,1.011,2.003,3.008,4.015,5.023,6.020,0
zcrm_102773000000576232,1.022,2.001,3.013,4.001,5.005,6.110,0
zcrm_102773000000123345,1.002,2.006,3.003,4.005,5.016,6.020,0
zcrm_102773000000548512,1.022,2.001,3.003,4.001,5.009,6.110,0
zcrm_102773000000361127,1.002,2.006,3.002,4.009,5.016,6.010,0
zcrm_102773000000770702,1.014,2.006,3.003,4.017,5.010,6.040,0
zcrm_102773000000657170,1.022,2.006,3.008,4.010,5.005,6.050,0
zcrm_102773000000590108,1.003,2.006,3.003,4.009,5.010,6.050,0
zcrm_102773000000421057,1.028,2.006,3.008,4.005,5.015,6.050,0
zcrm_102773000000627407,1.002,2.003,3.008,4.009,5.016,6.050,0
zcrm_102773000000148374,1.022,2.003,3.008,4.015,5.015,6.110,0
zcrm_102773000000315310,1.013,2.006,3.003,4.013,5.011,6.030,0
zcrm_102773000000292151,1.002,2.006,3.008,4.015,5.016,6.040,0
zcrm_102773000000679896,1.003,2.006,3.008,4.001,5.002,6.030,0
zcrm_102773000000145137,1.003,2.003,3.008,4.003,5.013,6.030,0
zcrm_102773000000474044,1.022,2.003,3.008,4.002,5.015,6.090,0
zcrm_102773000000735466,1.031,2.003,3.008,4.001,5.019,6.110,0
zcrm_102773000000143046,1.002,2.006,3.006,4.018,5.008,6.110,1
zcrm_102773000000318229,1.002,2.003,3.008,4.010,5.016,6.090,0
zcrm_102773000000612015,1.031,2.006,3.008,4.009,5.010,6.090,0
zcrm_102773000000493091,1.018,2.003,3.008,4.009,5.010,6.090,0
zcrm_102773000000148284,1.009,2.001,3.003,4.001,5.016,6.110,0
zcrm_102773000000265074,1.003,2.006,3.008,4.015,5.013,6.040,1
zcrm_102773000000806429,1.002,2.006,3.008,4.011,5.002,6.010,0
zcrm_102773000000571431,1.028,2.006,3.008,4.006,5.011,6.050,0
zcrm_102773000000735514,1.002,2.002,3.008,4.001,5.019,6.110,0
zcrm_102773000000148853,1.019,2.001,3.003,4.006,5.002,6.110,1
zcrm_102773000000265114,1.002,2.001,3.008,4.009,5.016,6.110,1
zcrm_102773000000327229,1.002,2.003,3.003,4.006,5.016,6.020,0
zcrm_102773000000435192,1.003,2.006,3.003,4.017,5.002,6.090,0
zcrm_102773000000791358,1.022,2.006,3.003,4.001,5.007,6.010,0
zcrm_102773000000548558,1.002,2.003,3.005,4.009,5.016,6.030,1
zcrm_102773000000175134,1.024,2.001,3.008,4.001,5.016,6.110,0
zcrm_102773000000833539,1.003,2.006,3.008,4.006,5.002,6.110,0
zcrm_102773000000476189,1.002,2.006,3.008,4.009,5.011,6.050,0
zcrm_102773000000150017,1.022,2.006,3.008,4.006,5.015,6.040,0
zcrm_102773000000158194,1.002,2.006,3.003,4.006,5.011,6.020,1
zcrm_102773000000249053,1.022,2.003,3.008,4.015,5.004,6.050,0
zcrm_102773000000391108,1.014,2.003,3.008,4.019,5.011,6.090,0
zcrm_102773000000282103,1.019,2.003,3.008,4.020,5.016,6.050,0
zcrm_102773000000479041,1.002,2.003,3.008,4.009,5.011,6.090,0
zcrm_102773000000258226,1.002,2.003,3.008,4.015,5.016,6.040,1
zcrm_102773000000489015,1.003,2.001,3.003,4.001,5.010,6.110,0
zcrm_102773000000123488,1.002,2.006,3.003,4.011,5.016,6.090,0
zcrm_102773000000177153,1.003,2.006,3.008,4.005,5.002,6.040,0
zcrm_102773000000435230,1.003,2.003,3.008,4.009,5.010,6.010,0
zcrm_102773000000590272,1.002,2.003,3.008,4.006,5.011,6.090,0
zcrm_102773000000391328,1.018,2.006,3.008,4.010,5.010,6.050,0
zcrm_102773000000627542,1.003,2.003,3.008,4.006,5.010,6.030,0
zcrm_102773000000602367,1.002,2.002,3.008,4.015,5.023,6.030,1
zcrm_102773000000265168,1.003,2.001,3.008,4.006,5.013,6.110,1
zcrm_102773000000309038,1.008,2.006,3.003,4.006,5.016,6.010,0
zcrm_102773000000541081,1.022,2.003,3.003,4.006,5.009,6.060,1
zcrm_102773000000313001,1.022,2.006,3.008,4.015,5.015,6.090,0
zcrm_102773000000474208,1.003,2.006,3.008,4.019,5.013,6.050,0
zcrm_102773000000821697,1.002,2.006,3.003,4.001,5.006,6.010,0
zcrm_102773000000807368,1.002,2.006,3.008,4.001,5.023,6.030,0
zcrm_102773000000381089,1.002,2.003,3.008,4.006,5.008,6.050,0
zcrm_102773000000388829,1.022,2.006,3.008,4.025,5.002,6.060,0
zcrm_102773000000326287,1.003,2.006,3.005,4.001,5.010,6.010,0
zcrm_102773000000735610,1.002,2.003,3.008,4.001,5.019,6.110,0
zcrm_102773000000580123,1.003,2.006,3.008,4.015,5.010,6.060,0
zcrm_102773000000257001,1.003,2.006,3.008,4.017,5.013,6.110,0
zcrm_102773000000467098,1.002,2.002,3.008,4.010,5.011,6.110,0
zcrm_102773000000182061,1.022,2.006,3.008,4.001,5.015,6.050,0
zcrm_102773000000400001,1.022,2.006,3.003,4.001,5.015,6.040,0
zcrm_102773000000265174,1.002,2.006,3.008,4.010,5.023,6.030,1
zcrm_102773000000720054,1.002,2.006,3.008,4.006,5.010,6.110,0